Title,Date
"The Blacklist: Temporada 4: Señor Kaplan (N.° 4)","28/5/19"
"The Good Wife: Temporada 4: Y la ley ganó","28/5/19"
"The Blacklist: Temporada 4: El Cobrador (N.° 46)","27/5/19"
"The Good Wife: Temporada 4: Y yo me enfrentaré a la ley","22/5/19"
"The Good Wife: Temporada 3: El Dream Team","22/5/19"
"The Blacklist: Temporada 4: Dr. Bogdan Krilov (N.° 29)","17/5/19"
"The Good Wife: Temporada 3: La nevera","17/5/19"
"The Good Wife: Temporada 3: Mentiras","17/5/19"
"The Blacklist: Temporada 4: Philomena (N.° 61)","16/5/19"
"The Blacklist: Temporada 4: Réquiem","15/5/19"
"The Good Wife: Temporada 3: Comisión independiente","15/5/19"
"The Good Wife: Temporada 3: Puños fuera","15/5/19"
"Narcos: México: Temporada 1: El Padrino","13/5/19"
"The Blacklist: Temporada 4: Dembe Zuma (N.° 10)","12/5/19"
"Osmosis: Temporada 1: La prueba","12/5/19"
"The OA: Parte II: Capítulo 8: Perspectiva","12/5/19"
"The OA: Parte II: Capítulo 7: Nina Azarova","12/5/19"
"The OA: Parte II: Capítulo 6: Espejo espejo","11/5/19"
"The OA: Parte II: Capítulo 5: La médium y el ingeniero","11/5/19"
"The OA: Parte II: Capítulo 4: SYZYGY","10/5/19"
"Narcos: México: Temporada 1: El sistema plaza","9/5/19"
"Narcos: México: Temporada 1: Camelot","9/5/19"
"The Good Wife: Temporada 3: El largo camino a casa","9/5/19"
"The OA: Parte II: Capítulo 3: Espejo mágico","8/5/19"
"The Good Wife: Temporada 3: Después de la caída","8/5/19"
"The Good Wife: Temporada 3: En directo desde Damasco","8/5/19"
"The OA: Parte II: Capítulo 2: Isla del Tesoro","7/5/19"
"The Good Wife: Temporada 3: Otro sándwich de jamón","7/5/19"
"The Good Wife: Temporada 3: Bitcoin para torpes","7/5/19"
"The Good Wife: Temporada 3: Alienación del afecto","6/5/19"
"The Good Wife: Temporada 3: Qué ha salido mal","6/5/19"
"The OA: Parte II: Capítulo 1: Ángel de la muerte","5/5/19"
"The Good Wife: Temporada 3: La paternidad simplificada","3/5/19"
"The Good Wife: Temporada 3: Whiskey Tango Foxtrot","3/5/19"
"The Good Wife: Temporada 3: Chivatazo desde el corredor de la muerte","29/4/19"
"The Good Wife: Temporada 3: Orden Ejecutiva 13224","26/4/19"
"The Good Wife: Temporada 3: Asuntos de Estado","26/4/19"
"The Good Wife: Temporada 3: Marthas y Caitlins","25/4/19"
"The Good Wife: Temporada 3: Alimentando a la rata","25/4/19"
"The Good Wife: Temporada 3: Id a un hotel","23/4/19"
"The Good Wife: Temporada 3: La zona de la muerte","22/4/19"
"The Good Wife: Temporada 3: Un nuevo día","22/4/19"
"The Blacklist: Temporada 4: El Farmacéutico (N.° 59)","21/4/19"
"The Blacklist: Temporada 4: El Arquitecto (N.° 107)","21/4/19"
"The Blacklist: Temporada 4: Isabella Stone (N.° 34)","21/4/19"
"The Blacklist: Temporada 4: Natalie Luca (N.° 184)","18/4/19"
"The Good Wife: Temporada 2: Alegatos finales","17/4/19"
"The Good Wife: Temporada 2: Liberando tensión","17/4/19"
"The Good Wife: Temporada 2: En la enfermedad","17/4/19"
"The Good Wife: Temporada 2: Asuntos Exteriores","16/4/19"
"The Good Wife: Temporada 2: Despido improcedente","12/4/19"
"Tienda de unicornios","11/4/19"
"The Blacklist: Temporada 4: El Harén (N.° 102)","10/4/19"
"The Good Wife: Temporada 2: La canción del asesino","9/4/19"
"The Good Wife: Temporada 2: Sándwich de jamón","8/4/19"
"The Good Wife: Temporada 2: Buen cortafuegos","8/4/19"
"The Good Wife: Temporada 2: Bala de plata","8/4/19"
"The Blacklist: Temporada 4: El Analista (N.° 163)","7/4/19"
"Velvet Buzzsaw","7/4/19"
"Vikingos: Temporada 1: Ritos de paso","6/4/19"
"Vikingos: Temporada 5: Ragnarök","6/4/19"
"Vikingos: Temporada 5: Lo que pasa en la cueva","6/4/19"
"Vikingos: Temporada 5: Balder","6/4/19"
"Vikingos: Temporada 5: Cosas terribles","6/4/19"
"Assassin's Creed","5/4/19"
"Vikingos: Temporada 5: El Buda","4/4/19"
"Vikingos: Temporada 5: Infierno","4/4/19"
"The Good Wife: Temporada 2: Patrimonio","4/4/19"
"Vikingos: Temporada 5: El momento perdido","3/4/19"
"Vikingos: Temporada 5: Un Nuevo Dios","3/4/19"
"Vikingos: Temporada 5: El asesinato más vil","2/4/19"
"The Good Wife: Temporada 2: El auténtico trato","2/4/19"
"Vikingos: Temporada 5: La revelación","1/4/19"
"Vikingos: Temporada 5: Momentos visionarios","1/4/19"
"Vikingos: Temporada 5: Una historia sencilla","1/4/19"
"Vikingos: Temporada 5: El rey pescador","1/4/19"
"Triple frontera","30/3/19"
"The Blacklist: Temporada 4: Pescados y Mariscos Lipet (N.° 111)","30/3/19"
"The Blacklist: Temporada 4: Dra. Adrian Shaw (N.° 98): Conclusión","28/3/19"
"The Blacklist: Temporada 4: Dra. Adrian Shaw (N.° 98)","27/3/19"
"The Good Wife: Temporada 2: La temporada de la tontería","27/3/19"
"The Good Wife: Temporada 2: Escrutinio","27/3/19"
"The Good Wife: Temporada 2: Separación","27/3/19"
"Love, Death & Robots: Temporada 1: LA GUERRA SECRETA","27/3/19"
"Love, Death & Robots: Temporada 1: HISTORIAS ALTERNATIVAS","27/3/19"
"Love, Death & Robots: Temporada 1: LA EDAD DE HIELO","27/3/19"
"Love, Death & Robots: Temporada 1: PUNTO CIEGO","27/3/19"
"Love, Death & Robots: Temporada 1: ZIMA BLUE","27/3/19"
"Love, Death & Robots: Temporada 1: AFORTUNADOS 13","26/3/19"
"The Blacklist: Temporada 4: Los Tordos (N.° 53)","26/3/19"
"Love, Death & Robots: Temporada 1: NOCHE DE CRIATURAS MARINAS","26/3/19"
"Love, Death & Robots: Temporada 1: MANO AMIGA","26/3/19"
"Love, Death & Robots: Temporada 1: METAMORFOSIS","26/3/19"
"Love, Death & Robots: Temporada 1: EL VERTEDERO","26/3/19"
"Love, Death & Robots: Temporada 1: BUENA CAZA","26/3/19"
"Love, Death & Robots: Temporada 1: MÁS ALLÁ DE AQUILA","26/3/19"
"Love, Death & Robots: Temporada 1: YOGUR AL PODER","26/3/19"
"Love, Death & Robots: Temporada 1: DEVORADOR DE ALMAS","26/3/19"
"Love, Death & Robots: Temporada 1: TRAJES","26/3/19"
"Love, Death & Robots: Temporada 1: LA TESTIGO","26/3/19"
"Love, Death & Robots: Temporada 1: TRES ROBOTS","26/3/19"
"Love, Death & Robots: Temporada 1: LA VENTAJA DE SONNIE","26/3/19"
"The Good Wife: Temporada 2: Nueve horas","26/3/19"
"The Good Wife: Temporada 2: Escuchas","26/3/19"
"The Blacklist: Temporada 4: La Compañía Lindquist (N.° 105)","25/3/19"
"The Good Wife: Temporada 2: Chicas malas","25/3/19"
"El negocio del dolor","24/3/19"
"The Blacklist: Temporada 4: Gaia (N.° 81)","24/3/19"
"The Blacklist: Temporada 4: Miles McGrath (N.° 65)","24/3/19"
"The Blacklist: Temporada 4: Mato (N.° 66)","24/3/19"
"The Blacklist: Temporada 4: Esteban (N.° 79)","23/3/19"
"The Blacklist: Temporada 3: Alexander Kirk (N°. 14): Conclusión","23/3/19"
"The Good Wife: Temporada 2: Pastilla envenenada","15/3/19"
"The Good Wife: Temporada 2: Tratamiento VIP","15/3/19"
"The Blacklist: Temporada 3: Alexander Kirk (N°. 14)","13/3/19"
"The Good Wife: Temporada 2: De limpieza","13/3/19"
"The Good Wife: Temporada 2: Rompiendo el ayuno","13/3/19"
"The Good Wife: Temporada 2: No dos veces por lo mismo","13/3/19"
"The Good Wife: Temporada 2: Bajo control","13/3/19"
"The Blacklist: Temporada 3: Susan Hargrave  (N.° 18)","12/3/19"
"The Blacklist: Temporada 3: La Red Artax  (N.° 41)","12/3/19"
"The Blacklist: Temporada 3: Cape May","12/3/19"
"The Blacklist: Temporada 3: El señor Solomon (N°. 32): Conclusión","11/3/19"
"The Blacklist: Temporada 3: El señor Solomon (N°. 32)","10/3/19"
"The Blacklist: Temporada 3: El Cuidador (N°. 78)","10/3/19"
"The Blacklist: Temporada 3: Drexel (N°. 113)","10/3/19"
"The Blacklist: Temporada 3: Lady Ambrosía (N°. 77)","9/3/19"
"The Blacklist: Temporada 3: Alistair Pitt (N°. 103)","9/3/19"
"ROMA","8/3/19"
"The Good Wife: Temporada 1: Corriendo","7/3/19"
"The Good Wife: Temporada 1: Hibristofilia","7/3/19"
"The Good Wife: Temporada 1: Desconectado","7/3/19"
"The Blacklist: Temporada 3: El Vehm (N.° 132)","6/3/19"
"The Good Wife: Temporada 1: Simulación","5/3/19"
"The Blacklist: Temporada 3: Señor Gregory Devry (N.° 95)","4/3/19"
"The Good Wife: Temporada 1: Boom","4/3/19"
"The Good Wife: Temporada 1: Duda","4/3/19"
"The Good Wife: Temporada 1: Corazón","4/3/19"
"The Blacklist: Temporada 3: El Director (N.° 24): Conclusión","3/3/19"
"Suburra: La serie: Temporada 2: Quiero saber la verdad","3/3/19"
"Suburra: La serie: Temporada 2: San Pedro y San Pablo","3/3/19"
"The Blacklist: Temporada 3: El Director (N.° 24)","3/3/19"
"The Blacklist: Temporada 3: Los Reyes de la Carretera (N.° 108)","3/3/19"
"The Blacklist: Temporada 3: Zal Bin Hasaan (N.° 31)","3/3/19"
"El ángel","2/3/19"
"The Blacklist: Temporada 3: Crispin Crandall (N.° 86)","2/3/19"
"Perdedores: Colección 1: Black Jack","2/3/19"
"The Blacklist: Temporada 3: Arioch Cain (N.° 50)","1/3/19"
"The Good Wife: Temporada 1: Pulgas","1/3/19"
"The Good Wife: Temporada 1: Bang","1/3/19"
"The Blacklist: Temporada 3: El Djinn (N.° 43)","28/2/19"
"The Blacklist: Temporada 3: Eli Matchett (N.° 72)","28/2/19"
"Suburra: La serie: Temporada 2: Guerra","28/2/19"
"Suburra: La serie: Temporada 2: La cuna","27/2/19"
"Suburra: La serie: Temporada 2: Patas arriba","27/2/19"
"The Blacklist: Temporada 3: Marvin Gerard (N.° 80)","26/2/19"
"The Blacklist: Temporada 3: El Granjero Trol (N.° 38)","26/2/19"
"Suburra: La serie: Temporada 2: Más cerca","26/2/19"
"Suburra: La serie: Temporada 2: Consecuencias","26/2/19"
"Suburra: La serie: Temporada 2: Encuéntrala","26/2/19"
"The Blacklist: Temporada 2: Tom Connolly (N.° 11)","25/2/19"
"The Good Wife: Temporada 1: Hola","25/2/19"
"The Good Wife: Temporada 1: Malo","25/2/19"
"The Blacklist: Temporada 2: Karakurt (N.° 55)","24/2/19"
"The Blacklist: Temporada 2: Quon Zhang (N.° 87)","24/2/19"
"The Blacklist: Temporada 2: Leonard Caul (N.° 62)","24/2/19"
"The Blacklist: Temporada 2: Vanessa Cruz (N.° 117)","24/2/19"
"The Blacklist: Temporada 2: Iniciativa Longevidad (N.° 97)","24/2/19"
"The Blacklist: Temporada 2: Tom Keen (N.° 7)","24/2/19"
"The Blacklist: Temporada 2: El Mayor (N.° 75)","23/2/19"
"The Blacklist: Temporada 2: T. Earl King VI (N.° 94)","22/2/19"
"The Blacklist: Temporada 2: El Cazador de Ciervos (N.° 93)","21/2/19"
"The Good Wife: Temporada 1: Analgésico","21/2/19"
"The Good Wife: Temporada 1: Infamia","21/2/19"
"The Blacklist: Temporada 2: La familia Kenyon (N.° 71)","19/2/19"
"The Blacklist: Temporada 2: Ruslan Denisov (N.° 67)","18/2/19"
"The Good Wife: Temporada 1: Socorrista","18/2/19"
"The Good Wife: Temporada 1: Trío","18/2/19"
"The Good Wife: Temporada 1: Sin preparar","18/2/19"
"The Blacklist: Temporada 2: Luther Braxton (N.° 21): Conclusión","18/2/19"
"The Blacklist: Temporada 2: Luther Braxton (N.° 21)","17/2/19"
"The Blacklist: Temporada 2: El Diciembrista (N.° 12)","17/2/19"
"The Blacklist: Temporada 2: El Cimitarra (N.° 22)","17/2/19"
"The Blacklist: Temporada 2: El cártel de Mombasa (N.° 114)","16/2/19"
"The Blacklist: Temporada 2: El Frente (N.° 74)","16/2/19"
"The Blacklist: Temporada 2: Doctor Linus Creel (N.° 82)","13/2/19"
"The Blacklist: Temporada 2: El doctor James Covington (N.° 89)","12/2/19"
"The Blacklist: Temporada 2: El banco Monarch Douglas (N.° 112)","11/2/19"
"The Good Wife: Temporada 1: Heterodoxo","11/2/19"
"The Good Wife: Temporada 1: Conyugal","11/2/19"
"The Good Wife: Temporada 1: Accidente","11/2/19"
"The Blacklist: Temporada 2: Lord Baltimore (N.° 104)","7/2/19"
"The Good Wife: Temporada 1: Soborno","7/2/19"
"The Good Wife: Temporada 1: Hogar","7/2/19"
"The Blacklist: Temporada 1: Berlín (N.° 8): Conclusión","6/2/19"
"The Blacklist: Temporada 1: Berlín (N.° 8)","6/2/19"
"The Blacklist: Temporada 1: El Hacedor de reyes (N.° 42)","5/2/19"
"The Good Wife: Temporada 1: Stripper","4/2/19"
"The Good Wife: Temporada 1: Piloto","4/2/19"
"The Blacklist: Temporada 1: Los hermanos Pavlovich (N.° 119-122)","3/2/19"
"The Blacklist: Temporada 1: Milton Bobbit (N.° 135)","3/2/19"
"The Blacklist: Temporada 1: Iván (N.° 88)","3/2/19"
"The Blacklist: Temporada 1: Mako Tanida (N.° 83)","3/2/19"
"The Blacklist: Temporada 1: El Juez (N.° 57)","2/2/19"
"The Blacklist: Temporada 1: Madeline Pratt (N.° 73)","2/2/19"
"The Blacklist: Temporada 1: La agencia Cyprus (N.° 64)","1/2/19"
"Dr. House: Temporada 1: La navaja de Occam","1/2/19"
"Dr. House: Temporada 1: Paternidad","1/2/19"
"Dr. House: Temporada 1: Piloto","1/2/19"
"The Blacklist: Temporada 1: El alquimista (N.° 101)","31/1/19"
"The Blacklist: Temporada 1: El buen samaritano (N.° 106)","31/1/19"
"The Blacklist: Temporada 1: Anslo Garrick (N.° 16): Conclusión","31/1/19"
"The Blacklist: Temporada 1: Anslo Garrick (N.° 16)","30/1/19"
"The Blacklist: Temporada 1: General Ludd (N.° 109)","30/1/19"
"Los odiosos ocho","28/1/19"
"La Guerra de Vietnam: Temporada 1: El río Estigia (enero 1964 – diciembre 1965)","28/1/19"
"La Guerra de Vietnam: Temporada 1: Cabalgando sobre el lomo de un tigre (1961-1963)","28/1/19"
"You: Temporada 1: El castillo de Barbazul","22/1/19"
"The Blacklist: Temporada 1: Frederick Barnes (N.° 47)","21/1/19"
"You: Temporada 1: Candace","21/1/19"
"You: Temporada 1: Soy tuyo, cielo","21/1/19"
"The Blacklist: Temporada 1: Gina Zanetakos (N.° 152)","20/1/19"
"The Blacklist: Temporada 1: El Mensajero (N.° 85)","20/1/19"
"The Blacklist: Temporada 1: El Cocinero (N.° 161)","20/1/19"
"The Blacklist: Temporada 1: Wujing (N.° 84)","20/1/19"
"The Blacklist: Temporada 1: El freelance (N.° 145)","19/1/19"
"Z, la ciudad perdida","18/1/19"
"You: Temporada 1: Totalidad","18/1/19"
"The Blacklist: Temporada 1: Piloto","17/1/19"
"You: Temporada 1: Amour fou","17/1/19"
"You: Temporada 1: Convivir con el enemigo","17/1/19"
"You: Temporada 1: El Capitán","16/1/19"
"You: Temporada 1: Quizás","16/1/19"
"You: Temporada 1: El último chico agradable de Nueva York","16/1/19"
"You: Temporada 1: Piloto","16/1/19"
"¡A ordenar con Marie Kondo!: Temporada 1: Nidos vacíos","14/1/19"
"La Guerra de Vietnam: Temporada 1: Déjà vu (1858-1961)","14/1/19"
"Sherlock: Temporada 4: El problema final","13/1/19"
"Black Mirror: Bandersnatch","13/1/19"
"¡A ordenar con Marie Kondo!: Temporada 1: Orden y niños pequeños","9/1/19"
"Sherlock: Temporada 4: El detective mentiroso","7/1/19"
"Sherlock: Temporada 4: Las seis Thatchers","7/1/19"
"Mowgli: La leyenda de la selva","6/1/19"
"FIGHTWORLD: Temporada 1: Israel: Maestros de la guerra","6/1/19"
"FIGHTWORLD: Temporada 1: Senegal: Si me alejo de la gracia de Dios","2/1/19"
"FIGHTWORLD: Temporada 1: Birmania: Encrucijadas","2/1/19"
"Love Actually","1/1/19"
"FIGHTWORLD: Temporada 1: Tailandia: El hijo afortunado","31/12/18"
"FIGHTWORLD: Temporada 1: México: La pistola y el corazón","31/12/18"
"Cargo","31/12/18"
"A ciegas","31/12/18"
"Michael Jackson's This Is It","13/12/18"
"Suits: Temporada 8: Socio gerente","13/12/18"
"Sherlock: Temporada 3: Especial Navidades 2015","11/12/18"
"Suits: Temporada 8: Moción de aplazamiento","11/12/18"
"Suits: Temporada 8: Coral Gables","10/12/18"
"Sherlock: Temporada 3: Su último juramento","6/12/18"
"Sherlock: Temporada 3: El signo de los tres","3/12/18"
"Suits: Temporada 8: Pura envidia","3/12/18"
"22 de julio","2/12/18"
"La gran muralla","1/12/18"
"Suits: Temporada 8: Gatos, Ballet, Harvey Specter","30/11/18"
"Suits: Temporada 8: Baños de barro","30/11/18"
"Lost in Space: Temporada 1: Invasión","29/11/18"
"Lost in Space: Temporada 1: Diamantes estelares","29/11/18"
"Sherlock: Temporada 3: El coche fúnebre vacío","28/11/18"
"Suits: Temporada 8: Rentabilidad por m²","28/11/18"
"Suits: Temporada 8: Promesas, promesas","28/11/18"
"Suits: Temporada 8: Quién manda aquí","28/11/18"
"Sherlock: Temporada 2: La caída de Reichenbach","27/11/18"
"Suits: Temporada 8: Mano derecha","27/11/18"
"Sherlock: Temporada 2: Los sabuesos de Baskerville","26/11/18"
"The Sinner: The Sinner: Julian: Parte VIII","25/11/18"
"The Sinner: The Sinner: Julian: Parte VII","25/11/18"
"Sherlock: Temporada 2: Escándalo en Belgravia","25/11/18"
"The Sinner: The Sinner: Julian: Parte VI","23/11/18"
"The Sinner: The Sinner: Julian: Parte V","23/11/18"
"The Sinner: The Sinner: Julian: Parte IV","23/11/18"
"The Sinner: The Sinner: Julian: Parte III","22/11/18"
"The Sinner: The Sinner: Julian: Parte II","22/11/18"
"The Sinner: The Sinner: Julian: Parte I","21/11/18"
"Colony: Temporada 1: Control","21/11/18"
"Colony: Temporada 1: El Día Cero","21/11/18"
"Colony: Temporada 1: Surgido del frío","21/11/18"
"Colony: Temporada 1: Broussard","21/11/18"
"Colony: Temporada 1: Yoknapatawpha","21/11/18"
"Sherlock: Temporada 1: El gran juego","20/11/18"
"Colony: Temporada 1: Jerónimo","20/11/18"
"Sherlock: Temporada 1: El banquero ciego","18/11/18"
"Colony: Temporada 1: Punto ciego","12/11/18"
"Colony: Temporada 1: 98 segundos","12/11/18"
"Colony: Temporada 1: Un mundo valiente","12/11/18"
"Colony: Temporada 1: Piloto","9/11/18"
"La catedral del mar: Temporada 1: Episodio 8","7/11/18"
"La catedral del mar: Temporada 1: Episodio 7","7/11/18"
"Las escalofriantes aventuras de Sabrina: Parte 1: Capítulo siete: El Festín de los Festines","5/11/18"
"La catedral del mar: Temporada 1: Episodio 6","5/11/18"
"La catedral del mar: Temporada 1: Episodio 5","5/11/18"
"Las escalofriantes aventuras de Sabrina: Parte 1: Capítulo seis: Exorcismo en Greendale","4/11/18"
"Ghost in the Shell: El alma de la máquina","2/11/18"
"Insidious: Capítulo 3","1/11/18"
"Insidious 2","1/11/18"
"Las escalofriantes aventuras de Sabrina: Parte 1: Capítulo cinco: Sueños en una casa de brujas","1/11/18"
"Las escalofriantes aventuras de Sabrina: Parte 1: Capítulo cuatro: Academia de brujas","1/11/18"
"Las escalofriantes aventuras de Sabrina: Parte 1: Capítulo tres: El juicio de Sabrina Spellman","1/11/18"
"No respires","1/11/18"
"Insidious","31/10/18"
"Las escalofriantes aventuras de Sabrina: Parte 1: Capítulo dos: El bautismo oscuro","30/10/18"
"La catedral del mar: Temporada 1: Episodio 4","30/10/18"
"La catedral del mar: Temporada 1: Episodio 3","30/10/18"
"La llegada","29/10/18"
"La catedral del mar: Temporada 1: Episodio 2","28/10/18"
"Las escalofriantes aventuras de Sabrina: Parte 1: Capítulo uno: El país de octubre","27/10/18"
"Salvados: Colección 1: Drogras S.A.","26/10/18"
"Outlander: Temporada 2: Prestonpans","25/10/18"
"Outlander: Temporada 2: Mía es la venganza","25/10/18"
"Outlander: Temporada 2: Je suis prest","24/10/18"
"Outlander: Temporada 2: La madriguera del zorro","24/10/18"
"Las chicas del cable: Temporada 3: Capítulo 24: El destino","24/10/18"
"Las chicas del cable: Temporada 3: Capítulo 23: La esperanza","22/10/18"
"Las chicas del cable: Temporada 3: Capítulo 22: La lucha","22/10/18"
"Las chicas del cable: Temporada 3: Capítulo 21: El pecado","22/10/18"
"La catedral del mar: Temporada 1: Episodio 1","21/10/18"
"Enemigos públicos","21/10/18"
"Salvados: Colección 1: Viva la clase media","20/10/18"
"La maldición de Hill House: Temporada 1: Steven ve un fantasma","20/10/18"
"Marvel - Iron Fist: Temporada 1: Inmortal sale de la cueva","19/10/18"
"Marvel - Iron Fist: Temporada 1: Arrancar el loto por debajo de la hoja","19/10/18"
"Marvel - Iron Fist: Temporada 1: Palma de dragón de los 8 trigramas","19/10/18"
"Las chicas del cable: Temporada 3: Capítulo 20: La venganza","19/10/18"
"Las chicas del cable: Temporada 3: Capítulo 19: La verdad","19/10/18"
"Las chicas del cable: Temporada 3: Capítulo 18: La muerte","19/10/18"
"Norsemen: Temporada 1: El regreso","16/10/18"
"House of Cards: Temporada 5: Capítulo 65","15/10/18"
"House of Cards: Temporada 5: Capítulo 64","11/10/18"
"House of Cards: Temporada 5: Capítulo 63","10/10/18"
"House of Cards: Temporada 5: Capítulo 62","10/10/18"
"House of Cards: Temporada 5: Capítulo 61","10/10/18"
"House of Cards: Temporada 5: Capítulo 60","8/10/18"
"House of Cards: Temporada 5: Capítulo 59","8/10/18"
"House of Cards: Temporada 5: Capítulo 58","8/10/18"
"House of Cards: Temporada 5: Capítulo 57","2/10/18"
"House of Cards: Temporada 5: Capítulo 56","1/10/18"
"House of Cards: Temporada 5: Capítulo 55","1/10/18"
"House of Cards: Temporada 5: Capítulo 54","1/10/18"
"Thi Mai: rumbo a Vietnam","29/9/18"
"En mi propia piel","28/9/18"
"Maniac: Miniserie: ¡El elegido!","25/9/18"
"House of Cards: Temporada 5: Capítulo 53","24/9/18"
"Vikingos: Temporada 4: El ajuste de cuentas","23/9/18"
"Vikingos: Temporada 4: ﻿La víspera","23/9/18"
"Vikingos: Temporada 4: Venganza","23/9/18"
"Vikingos: Temporada 4: El gran ejército","18/9/18"
"Vikingos: Temporada 4: ﻿Viajes","17/9/18"
"Vikingos: Temporada 4: Todos sus ángeles","16/9/18"
"Vikingos: Temporada 4: En esa hora incierta antes del alba","15/9/18"
"Vikingos: Temporada 4: Dos viajes","15/9/18"
"Vikingos: Temporada 4: La visión","15/9/18"
"Vikingos: Temporada 4: El forastero","15/9/18"
"Marvel - Iron Fist: Temporada 1: Puñetazo de trueno de cañón","13/9/18"
"Marvel - Iron Fist: Temporada 1: Halcón de las sombras alza el vuelo","13/9/18"
"Marvel - Iron Fist: Temporada 1: La nieve se desploma","13/9/18"
"Marvel - Iron Fist: Temporada 2: La furia de Iron Fist","13/9/18"
"Vikingos: Temporada 4: El último barco","12/9/18"
"Vikingos: Temporada 4: Muerte alrededor","12/9/18"
"Vikingos: Temporada 4: Porte","11/9/18"
"Vikingos: Temporada 4: Beneficios y pérdidas","11/9/18"
"Outlander: Temporada 2: Fe","11/9/18"
"Vikingos: Temporada 4: Lo que podría haber sido","10/9/18"
"Outlander: Temporada 2: Los planes mejor trazados","10/9/18"
"Vikingos: Temporada 4: Prometida","9/9/18"
"Vikingos: Temporada 4: El solsticio de invierno","8/9/18"
"Vikingos: Temporada 4: Clemencia","8/9/18"
"Vikingos: Temporada 4: Matad a la reina","8/9/18"
"Stranger Things: Capítulo uno: La desaparición de Will Byers","8/9/18"
"Vikingos: Temporada 4: Una buena traición","7/9/18"
"Vikingos: Temporada 3: Los muertos","7/9/18"
"Vikingos: Temporada 3: Punto crítico","7/9/18"
"Las chicas del cable: Temporada 3: Capítulo 17: El tiempo","7/9/18"
"Outlander: Temporada 2: Resurrección inoportuna","4/9/18"
"Outlander: Temporada 2: La Dama Blanca","4/9/18"
"Outlander: Temporada 2: Ocupaciones útiles y decepciones","4/9/18"
"Vikingos: Temporada 3: A las puertas","2/9/18"
"Vikingos: Temporada 3: París","2/9/18"
"Vikingos: Temporada 3: Renacido","2/9/18"
"Vikingos: Temporada 3: El usurpador","2/9/18"
"Vikingos: Temporada 3: Marcada","1/9/18"
"Vikingos: Temporada 3: El sino del guerrero","31/8/18"
"Outlander: Temporada 2: Esto no es Escocia","31/8/18"
"Outlander: Temporada 2: A través de un cristal, oscuramente","31/8/18"
"Vikingos: Temporada 3: El errante","30/8/18"
"Vikingos: Temporada 3: Mercenario","30/8/18"
"Outlander: Temporada 1: La redención del alma de un hombre","30/8/18"
"Vikingos: Temporada 2: La oración del Señor","27/8/18"
"Vikingos: Temporada 2: La decisión","27/8/18"
"Vikingos: Temporada 2: Sin huesos","26/8/18"
"Vikingos: Temporada 2: El águila de sangre","26/8/18"
"Vikingos: Temporada 2: Imperdonable","26/8/18"
"Vikingos: Temporada 2: Respuestas en sangre","26/8/18"
"Vikingos: Temporada 2: Ojo por ojo","26/8/18"
"(Des)encanto: Parte 1: Utopía hace aguas","25/8/18"
"(Des)encanto: Parte 1: Sé fiel a ti mismo","25/8/18"
"(Des)encanto: Parte 1: Los límites de la inmortalidad","25/8/18"
"(Des)encanto: Parte 1: Tierna cólera de amor","25/8/18"
"(Des)encanto: Parte 1: Pantano y circunstancia","25/8/18"
"(Des)encanto: Parte 1: ¡Más deprisa, princesa! ¡Mata! ¡Mata!","25/8/18"
"(Des)encanto: Parte 1: Matanza en la fiesta del castillo","25/8/18"
"(Des)encanto: Parte 1: La princesa de las tinieblas","25/8/18"
"(Des)encanto: Parte 1: Por quién gruñe el cerdo","25/8/18"
"(Des)encanto: Parte 1: Una princesa, un elfo y un demonio entran en un bar","25/8/18"
"Vikingos: Temporada 2: Traición","22/8/18"
"Vikingos: Temporada 2: Invasión","21/8/18"
"Vikingos: Temporada 2: Guerra de hermanos","20/8/18"
"Vikingos: Temporada 1: Todo cambia","20/8/18"
"Vikingos: Temporada 1: Sacrificio","19/8/18"
"Vikingos: Temporada 1: El rescate de un rey","19/8/18"
"Vikingos: Temporada 1: El funeral","18/8/18"
"Outlander: Temporada 1: La cárcel de Wentworth","17/8/18"
"Outlander: Temporada 1: La búsqueda","17/8/18"
"Outlander: Temporada 1: La guardia","17/8/18"
"Vikingos: Temporada 1: La batida","16/8/18"
"Vikingos: Temporada 1: Juicio","16/8/18"
"Vikingos: Temporada 1: Despojados","13/8/18"
"Vikingos: Temporada 1: La ira de los hombres del norte","12/8/18"
"En pocas palabras: Temporada 1: Tatuajes","11/8/18"
"Red vs. Blue: Volumen 1: Volumen 1","11/8/18"
"Viaje al centro de la Tierra 2: La isla misteriosa","11/8/18"
"Outlander: Temporada 1: Lallybroch","9/8/18"
"Troya: La caída de una ciudad: Ofrenda","8/8/18"
"Outlander: Temporada 1: La marca del diablo","8/8/18"
"Outlander: Temporada 1: ¿Un caso de brujería?","6/8/18"
"Outlander: Temporada 1: Ajuste de cuentas","6/8/18"
"Troya: La caída de una ciudad: Doce días","4/8/18"
"Troya: La caída de una ciudad: Batalla en la playa","4/8/18"
"Troya: La caída de una ciudad: Persecución","4/8/18"
"Outlander: Temporada 1: A ambos lados","2/8/18"
"Troya: La caída de una ciudad: Botín de guerra","1/8/18"
"Troya: La caída de una ciudad: Asedio","1/8/18"
"Dark: Temporada 1: Alfa y omega","1/8/18"
"Dark: Temporada 1: Todo ocurre ahora","1/8/18"
"Troya: La caída de una ciudad: Condiciones","31/7/18"
"Dark: Temporada 1: Lo que se siembra, eso mismo se cosecha","31/7/18"
"Troya: La caída de una ciudad: Sangre negra","30/7/18"
"The Walking Dead: Temporada 7: Enterradme aquí","29/7/18"
"The Walking Dead: Temporada 7: Piedra en el camino","29/7/18"
"The Walking Dead: Temporada 7: Corazones que aún laten","29/7/18"
"The Walking Dead: Temporada 7: Cántame una canción","29/7/18"
"Lost in Space: Temporada 1: Impacto","28/7/18"
"Tropic Thunder: ¡Una guerra muy perra!","25/7/18"
"Dark: Temporada 1: Encrucijadas","25/7/18"
"Dark: Temporada 1: Sic mundus creatus est","23/7/18"
"Sense8: Temporada 2: Amor vincit omnia","21/7/18"
"Dark: Temporada 1: Verdades","19/7/18"
"Dark: Temporada 1: Vidas dobles","19/7/18"
"Dark: Temporada 1: Pasado y presente","17/7/18"
"Dark: Temporada 1: Mentiras","17/7/18"
"Suits: Temporada 7: Adiós","17/7/18"
"Dark: Temporada 1: Secretos","16/7/18"
"Suits: Temporada 7: No se trata de dar pena","16/7/18"
"El alienista: Temporada 1: Un castillo en el cielo","12/7/18"
"Suits: Temporada 7: Tentándole al destino","12/7/18"
"Suits: Temporada 7: Inevitable","12/7/18"
"Suits: Temporada 7: Un hombre malo","11/7/18"
"Suits: Temporada 7: Verdades dolorosas","11/7/18"
"Suits: Temporada 7: Donna","11/7/18"
"El alienista: Temporada 1: Réquiem","10/7/18"
"El alienista: Temporada 1: Psychopathia Sexualis","9/7/18"
"El alienista: Temporada 1: Varios hombres santificados","8/7/18"
"El alienista: Temporada 1: Ascensión","8/7/18"
"El alienista: Temporada 1: El estornino de Hildebrandt","8/7/18"
"El alienista: Temporada 1: Pensamientos sangrientos","8/7/18"
"El alienista: Temporada 1: La sonrisa de plata","1/7/18"
"El alienista: Temporada 1: Una asociación fructífera﻿","1/7/18"
"El alienista: Temporada 1: El chico del puente","1/7/18"
"TAU","1/7/18"
"Calibre","1/7/18"
"Star Trek: Más allá","29/6/18"
"La casa de papel: Parte 2: Episodio 6","20/6/18"
"La casa de papel: Parte 2: Episodio 5","19/6/18"
"La casa de papel: Parte 2: Episodio 4","19/6/18"
"La casa de papel: Parte 2: Episodio 3","18/6/18"
"Infierno azul","17/6/18"
"Outlander: Temporada 1: La boda","13/6/18"
"Outlander: Temporada 1: El comandante de la guarnición","13/6/18"
"La casa de papel: Parte 2: Episodio 2","12/6/18"
"La casa de papel: Parte 2: Episodio 1","11/6/18"
"La casa de papel: Parte 1: Episodio 9","10/6/18"
"La casa de papel: Parte 1: Episodio 8","9/6/18"
"La casa de papel: Parte 1: Episodio 7","9/6/18"
"Abstract: el arte del diseño: Temporada 1: Diseño gráfico: Paula Scher","8/6/18"
"The Amazing Spider-Man 2: El poder de Electro","8/6/18"
"La casa de papel: Parte 1: Episode 6","6/6/18"
"La casa de papel: Parte 1: Episode 5","5/6/18"
"La casa de papel: Parte 1: Episode 4","3/6/18"
"La casa de papel: Parte 1: Episode 3","3/6/18"
"Capitán América: Civil War","30/5/18"
"La casa de papel: Parte 1: Episodio 2","27/5/18"
"La casa de papel: Parte 1: Episode 1","27/5/18"
"La luz de las historias: Temporada 1: El Himalaya","25/5/18"
"En pocas palabras: Temporada 1: Monogamia","25/5/18"
"En pocas palabras: Temporada 1: La brecha de riqueza racial","25/5/18"
"Suits: Temporada 7: Vergüenza","17/5/18"
"Suits: Temporada 7: 100","16/5/18"
"Suits: Temporada 7: Absoluta transparencia","16/5/18"
"Suits: Temporada 7: El pasado no perdona","15/5/18"
"Suits: Temporada 7: Viviendas en Brooklyn","14/5/18"
"Suits: Temporada 7: Dividir y vencer","14/5/18"
"The Rain: Temporada 1: No os separéis","13/5/18"
"Suits: Temporada 7: Pesadilla de barro","13/5/18"
"Suits: Temporada 7: La estatua","9/5/18"
"The Rain: Temporada 1: No salgáis","8/5/18"
"Suits: Temporada 7: Carne en el asador","8/5/18"
"Suits: Temporada 6: Carácter y aptitud","7/5/18"
"Suits: Temporada 6: Quid Pro Quo","7/5/18"
"Suits: Temporada 6: Admisión de culpa","7/5/18"
"Outlander: Temporada 1: La recaudación","5/5/18"
"Suits: Temporada 6: Dientes, nariz, dientes","4/5/18"
"Suits: Temporada 6: El cuadro","4/5/18"
"Suits: Temporada 6: Se ha ido","4/5/18"
"Suits: Temporada 6: P.S.L.","4/5/18"
"Suits: Temporada 6: La mano que te da de comer","4/5/18"
"Suits: Temporada 6: Tiempo prestado","3/5/18"
"Suits: Temporada 6: Una buena sacudida","3/5/18"
"Suits: Temporada 6: España","2/5/18"
"Suits: Temporada 6: Confianza","2/5/18"
"Suits: Temporada 6: Giro","27/4/18"
"Suits: Temporada 6: Volvemos a estar en marcha","27/4/18"
"Outlander: Temporada 1: La reunión","25/4/18"
"Suits: Temporada 6: Cuentas pendientes","25/4/18"
"Suits: Temporada 6: Por los problemas","25/4/18"
"Outlander: Temporada 1: La huida","24/4/18"
"The Crown: Temporada 1: Hyde Park Corner","24/4/18"
"The Crown: Temporada 1: Wolferton Splash","24/4/18"
"Outlander: Temporada 1: Castillo Leoch","23/4/18"
"Suits: Temporada 5: La última hora","23/4/18"
"Suits: Temporada 5: Tic, tac","23/4/18"
"Suits: Temporada 5: Defensa propia","23/4/18"
"Suits: Temporada 5: Los verdes pastos del Señor","23/4/18"
"Anthony Joshua: The Road to Klitschko","22/4/18"
"Desafío total","22/4/18"
"Loaded: Loaded: Temporada 1: Demanda","22/4/18"
"Ninja Turtles: Fuera de las sombras","21/4/18"
"Amateur","21/4/18"
"Star Trek: Discovery: Temporada 1: Leteo","20/4/18"
"Star Trek: Discovery: Temporada 1: Elige quién sufre","20/4/18"
"Suits: Temporada 5: Vivir para luchar","18/4/18"
"Suits: Temporada 5: Represalias","18/4/18"
"Suits: Temporada 5: Fe","18/4/18"
"Suits: Temporada 5: Invitados indeseados","18/4/18"
"Suits: Temporada 5: Mea culpa","17/4/18"
"Suits: Temporada 5: Tocando la fibra","16/4/18"
"Suits: Temporada 5: Privilegio","16/4/18"
"Suits: Temporada 5: De tú a tú","16/4/18"
"Outlander: Temporada 1: Sassenach","15/4/18"
"Café Society","14/4/18"
"Alias Grace: Miniserie: Parte 6","11/4/18"
"Suits: Temporada 5: No puedo hacerlo","11/4/18"
"Suits: Temporada 5: Sin recambios","11/4/18"
"Suits: Temporada 5: Compensación","11/4/18"
"Alias Grace: Miniserie: Parte 5","10/4/18"
"Suits: Temporada 5: Negación","10/4/18"
"Suits: Temporada 4: No solo una cara bonita","10/4/18"
"Alias Grace: Miniserie: Parte 4","9/4/18"
"Suits: Temporada 4: Tentativa","9/4/18"
"Suits: Temporada 4: Descarrilado","9/4/18"
"Suits: Temporada 4: La encrucijada","9/4/18"
"Suits: Temporada 4: Respeto","9/4/18"
"Suits: Temporada 4: Ya basta","9/4/18"
"Suits: Temporada 4: Esto es Roma","9/4/18"
"Alias Grace: Miniserie: Parte 3","8/4/18"
"Alias Grace: Miniserie: Parte 2","8/4/18"
"Shot Caller","6/4/18"
"Una madre imperfecta","5/4/18"
"Alias Grace: Miniserie: Parte 1","4/4/18"
"Suits: Temporada 4: Se marcha","4/4/18"
"Suits: Temporada 4: Expuestos","4/4/18"
"Suits: Temporada 4: Hemos terminado","4/4/18"
"Suits: Temporada 4: El tratamiento Litt","4/4/18"
"Aniquilación","3/4/18"
"Suits: Temporada 4: Una libra de carne","3/4/18"
"Jason Bourne","2/4/18"
"Regresión","2/4/18"
"Suits: Temporada 4: Ventaja","2/4/18"
"Suits: Temporada 4: Dos en la rodilla","2/4/18"
"Suits: Temporada 4: Desayuno, comida y cena","2/4/18"
"Suits: Temporada 4: Uno, dos, tres, ya","1/4/18"
"Suits: Temporada 3: Sin escapatoria","1/4/18"
"Suits: Temporada 3: Saber cuándo hay que pasar","1/4/18"
"JFK (caso abierto)","27/3/18"
"Suits: Temporada 3: Ardor de estómago","27/3/18"
"Suits: Temporada 3: Un tema de discusión","27/3/18"
"Suits: Temporada 3: El pasado, pasado está","26/3/18"
"Suits: Temporada 3: Secretos enterrados","26/3/18"
"Suits: Temporada 3: Quédate","26/3/18"
"Efectos secundarios","24/3/18"
"Suits: Temporada 3: Mala fe","23/3/18"
"Suits: Temporada 3: Fin del partido","22/3/18"
"Suits: Temporada 3: Es mía","22/3/18"
"Suits: Temporada 3: La otra vez","22/3/18"
"Suits: Temporada 3: Una sombra de duda","20/3/18"
"Suits: Temporada 3: Conflicto de intereses","20/3/18"
"Suits: Temporada 3: Asuntos pendientes","20/3/18"
"Suits: Temporada 3: Quiero que me quieras","19/3/18"
"Suits: Temporada 3: El acuerdo","19/3/18"
"The World's Most Extraordinary Homes: Temporada 1: Costa","18/3/18"
"Collateral: Episodio 4","18/3/18"
"Marvel - Jessica Jones: Temporada 2: Alias - Empiece por el principio","17/3/18"
"Flint Town: Temporada 1: Bienvenidos a Flint","17/3/18"
"Chef's Table: Volumen 1: Dan Barber","17/3/18"
"Collateral: Episodio 2","17/3/18"
"Collateral: Episodio 3","17/3/18"
"Collateral: Episodio 1","17/3/18"
"Suits: Temporada 2: La guerra","16/3/18"
"Suits: Temporada 2: Normandía","16/3/18"
"Suits: Temporada 2: Ha vuelto","15/3/18"
"Suits: Temporada 2: Zane contra Zane","14/3/18"
"Suits: Temporada 2: La sangre llega al río","14/3/18"
"Suits: Temporada 2: Ángulo muerto","14/3/18"
"Un espía y medio","14/3/18"
"Minimalismo: las cosas importantes","13/3/18"
"Suits: Temporada 2: Solo ante el peligro","13/3/18"
"Suits: Temporada 2: Asterisco","13/3/18"
"Abstract: el arte del diseño: Temporada 1: Diseño de interiores: Ilse Crawford","12/3/18"
"Suits: Temporada 2: Rebobinar","12/3/18"
"Peaky Blinders: Temporada 4: La compañía","11/3/18"
"The Outsider","11/3/18"
"Suits: Temporada 2: Golpe bajo","11/3/18"
"Suits: Temporada 2: Jugárselo todo","11/3/18"
"Suits: Temporada 2: Punto de break","10/3/18"
"Suits: Temporada 2: El descubrimiento","10/3/18"
"Peaky Blinders: Temporada 4: El duelo","10/3/18"
"Peaky Blinders: Temporada 4: Peligrosa","9/3/18"
"Suits: Temporada 2: Ha llegado el nuevo jefe","9/3/18"
"Suits: Temporada 2: La elección","9/3/18"
"Peaky Blinders: Temporada 4: Mirlo","8/3/18"
"Suits: Temporada 2: Lo sabe","8/3/18"
"Suits: Temporada 1: Pelea de perros","8/3/18"
"Peaky Blinders: Temporada 4: Paganos","6/3/18"
"Peaky Blinders: Temporada 4: La horca","6/3/18"
"Suits: Temporada 1: Las reglas del juego","6/3/18"
"Suits: Temporada 1: En reserva","6/3/18"
"Suits: Temporada 1: Invicto","5/3/18"
"Peaky Blinders: Temporada 3: Episodio 6","4/3/18"
"Suits: Temporada 1: Crisis de identidad","4/3/18"
"Suits: Temporada 1: Ataca al hombre","4/3/18"
"Peaky Blinders: Temporada 3: Episodio 5","4/3/18"
"Peaky Blinders: Temporada 3: Episodio 4","3/3/18"
"Peaky Blinders: Temporada 3: Episodio 3","3/3/18"
"Abstract: el arte del diseño: Temporada 1: Ilustración: Christoph Niemann","2/3/18"
"Abstract: el arte del diseño: Temporada 1: Diseño de zapatillas: Tinker Hatfield","2/3/18"
"Peaky Blinders: Temporada 3: Episodio 2","1/3/18"
"Suits: Temporada 1: Los trucos del oficio","1/3/18"
"Suits: Temporada 1: Pagar la fianza","1/3/18"
"Peaky Blinders: Temporada 3: Episodio 1","28/2/18"
"Peaky Blinders: Temporada 2: Episodio 6","28/2/18"
"Altered Carbon: Temporada 1: Forajidos","27/2/18"
"Altered Carbon: Temporada 1: Alma en la sombra","27/2/18"
"Suits: Temporada 1: Sucios secretitos","27/2/18"
"Peaky Blinders: Temporada 2: Episodio 5","26/2/18"
"Altered Carbon: Temporada 1: Encuentro en la noche","26/2/18"
"Altered Carbon: Temporada 1: El perro rabioso","26/2/18"
"Suits: Temporada 1: Vía rápida","26/2/18"
"Suits: Temporada 1: Errores y omisiones","26/2/18"
"Peaky Blinders: Temporada 2: Episodio 4","25/2/18"
"The Get Down: Parte 1: La oscuridad es tu vela","24/2/18"
"The Get Down: Parte 1: Busca a aquellos que aviven tu llama","24/2/18"
"The Get Down: Parte 1: Donde hay ruina, hay esperanza para un tesoro","24/2/18"
"Altered Carbon: Temporada 1: El hombre con mi cara","23/2/18"
"Altered Carbon: Temporada 1: Falso culpable","23/2/18"
"Altered Carbon: Temporada 1: La fuerza del destino","23/2/18"
"Altered Carbon: Temporada 1: En un lugar solitario","23/2/18"
"Peaky Blinders: Temporada 2: Episodio 3","22/2/18"
"Peaky Blinders: Temporada 2: Episodio 2","21/2/18"
"Peaky Blinders: Temporada 2: Episodio 1","21/2/18"
"Suits: Temporada 1: Piloto","21/2/18"
"Peaky Blinders: Temporada 1: Episodio 6","20/2/18"
"Peaky Blinders: Temporada 1: Episodio 5","19/2/18"
"Peaky Blinders: Temporada 1: Episodio 4","19/2/18"
"Black Mirror: Temporada 3: Playtesting","19/2/18"
"Black Mirror: Temporada 3: Caída en picado","19/2/18"
"Black Mirror: Temporada 4: Black Museum","19/2/18"
"Premonición","17/2/18"
"Black Mirror: Temporada 1: Toda tu historia","16/2/18"
"Las chicas del cable: Temporada 1: Capítulo 1: Los sueños","16/2/18"
"Las chicas del cable: Temporada 2: Capítulo 16: La inocencia","16/2/18"
"Las chicas del cable: Temporada 2: Capítulo 15: Las oportunidades","14/2/18"
"Las chicas del cable: Temporada 2: Capítulo 14: La soledad","14/2/18"
"Las chicas del cable: Temporada 2: Capítulo 13: Los secretos","14/2/18"
"Peaky Blinders: Temporada 1: Episodio 3","13/2/18"
"Las chicas del cable: Temporada 2: Capítulo 12: La culpa","13/2/18"
"Las chicas del cable: Temporada 2: Capítulo 11: Los celos","13/2/18"
"Las chicas del cable: Temporada 2: Capítulo 10: El pacto","13/2/18"
"Las chicas del cable: Temporada 2: Capítulo 9: La elección","13/2/18"
"Peaky Blinders: Temporada 1: Episodio 2","12/2/18"
"Las chicas del cable: Temporada 1: Capítulo 8: El amor","12/2/18"
"Las chicas del cable: Temporada 1: Capítulo 7: La pérdida","12/2/18"
"Las chicas del cable: Temporada 1: Capítulo 6: La familia","8/2/18"
"Las chicas del cable: Temporada 1: Capítulo 5: El pasado","8/2/18"
"Peaky Blinders: Temporada 1: Episodio 1","7/2/18"
"Las chicas del cable: Temporada 1: Capítulo 4: Los sentimientos","7/2/18"
"Las chicas del cable: Temporada 1: Capítulo 3: Las mentiras","7/2/18"
"Las chicas del cable: Temporada 1: Capítulo 2: Los recuerdos","6/2/18"
"Altered Carbon: Temporada 1: ¿Ángel o diablo?","5/2/18"
"Altered Carbon: Temporada 1: Retorno al pasado","5/2/18"
"Star Trek: Discovery: Temporada 1: Al cuchillo del carnicero no le importan los chillidos del cordero","28/1/18"
"Blue Valentine","28/1/18"
"Homeland: Temporada 6: América primero","27/1/18"
"Homeland: Temporada 6: R de Romeo","27/1/18"
"Homeland: Temporada 6: La casa con la bandera","27/1/18"
"Homeland: Temporada 6: Marionetas","27/1/18"
"Homeland: Temporada 6: Verdad alterada","27/1/18"
"Homeland: Temporada 6: Riesgo inminente","26/1/18"
"Homeland: Temporada 6: El regreso","26/1/18"
"Homeland: Temporada 6: Casus belli","26/1/18"
"Homeland: Temporada 6: Un destello","25/1/18"
"Homeland: Temporada 6: El pacto","25/1/18"
"Homeland: Temporada 6: El hombre en el sótano","24/1/18"
"Los miserables","24/1/18"
"Homeland: Temporada 5: Un falso destello","24/1/18"
"The Crown: Temporada 2: Paterfamilias","24/1/18"
"The Crown: Temporada 2: Hombre misterioso","24/1/18"
"Homeland: Temporada 6: Blanco legítimo","22/1/18"
"The Sinner: The Sinner: Cora: Parte VIII","21/1/18"
"The Sinner: The Sinner: Cora: Parte VII","21/1/18"
"The Sinner: The Sinner: Cora: Parte VI","21/1/18"
"The Sinner: The Sinner: Cora: Parte V","21/1/18"
"Black Mirror: Temporada 1: El himno nacional","20/1/18"
"The Sinner: The Sinner: Cora: Parte IV","18/1/18"
"The Sinner: The Sinner: Cora: Parte III","17/1/18"
"The Crown: Temporada 2: Estimada Sra. Kennedy","17/1/18"
"The Sinner: The Sinner: Cora: Parte II","16/1/18"
"The Sinner: The Sinner: Cora: Parte I","16/1/18"
"La Mantis: Temporada 1: Episodio 1","16/1/18"
"No habrá paz para los malvados","15/1/18"
"Star Trek: Discovery: Temporada 1: El contexto es para los reyes","13/1/18"
"Star Trek: Discovery: Temporada 1: Batalla en las estrellas binarias","12/1/18"
"Star Trek: Discovery: Temporada 1: El saludo vulcano","12/1/18"
"The Crown: Temporada 2: Matrimonium","11/1/18"
"The Crown: Temporada 2: Vergangenheit","11/1/18"
"The Crown: Temporada 2: Marionetas","10/1/18"
"Black Mirror: Temporada 4: Cabeza de metal","7/1/18"
"Black Mirror: Temporada 4: Hang the DJ","6/1/18"
"Black Mirror: Temporada 4: Cocodrilo","3/1/18"
"The Crown: Temporada 2: Beryl","3/1/18"
"The Crown: Temporada 2: Lisboa","3/1/18"
"Star Wars: El despertar de la fuerza","2/1/18"
"The Crown: Temporada 2: Una tripulación de hombres","2/1/18"
"Black Mirror: Temporada 4: Arkangel","1/1/18"
"Black Mirror: Temporada 4: USS Callister","1/1/18"
"Banking on Bitcoin","30/12/17"
"Bright","27/12/17"
"The Crown: Temporada 2: Infortunio","19/12/17"
"Suburra: La serie: Temporada 1: Llámalo dormir","18/12/17"
"Suburra: La serie: Temporada 1: La oscuridad","18/12/17"
"The Crown: Temporada 1: Gloriana","18/12/17"
"Suburra: La serie: Temporada 1: Otro","17/12/17"
"Hiroshima: BBC History of World War II","17/12/17"
"Suburra: La serie: Temporada 1: Último cliente","16/12/17"
"Suburra: La serie: Temporada 1: Ajo, aceite y guindilla","16/12/17"
"Suburra: La serie: Temporada 1: La loba","16/12/17"
"Ocho apellidos catalanes","15/12/17"
"Grimm: Temporada 1: Cuidado con las abejas","15/12/17"
"Grimm: Temporada 1: Los osos siempre serán osos","15/12/17"
"Grimm: Temporada 1: Piloto","15/12/17"
"Suburra: La serie: Temporada 1: Buen provecho","14/12/17"
"Suburra: La serie: Temporada 1: Perros rabiosos","14/12/17"
"La fuente de la vida","13/12/17"
"The Crown: Temporada 1: Asesinos","12/12/17"
"The Crown: Temporada 1: Orgullo y alegría","12/12/17"
"Suburra: La serie: Temporada 1: Patricios y plebeyos","8/12/17"
"Suburra: La serie: Temporada 1: 21 días","8/12/17"
"Foo Fighters: Back and Forth","8/12/17"
"Palmeras en la nieve","27/11/17"
"La sal de la Tierra","26/11/17"
"La luz de las historias: Temporada 1: Bajo el agua","26/11/17"
"Black Sails: Temporada 1: VII","24/11/17"
"Black Sails: Temporada 1: VI","23/11/17"
"Black Sails: Temporada 1: V","20/11/17"
"Black Sails: Temporada 1: IV","20/11/17"
"Black Sails: Temporada 1: III","20/11/17"
"The Meyerowitz Stories (New and Selected)","19/11/17"
"Tormenta de arena","17/11/17"
"Black Sails: Temporada 1: II","17/11/17"
"Black Sails: Temporada 1: I","16/11/17"
"Sense8: Temporada 2: ¿Quieres guerra?","15/11/17"
"Sense8: Temporada 2: Si el mundo es un escenario, la identidad no es más que un disfraz","14/11/17"
"Sense8: Temporada 2: Lo que verdaderamente significa la familia","14/11/17"
"Sense8: Temporada 2: Ahora lo único que quiero tener es una bala más","13/11/17"
"Sense8: Temporada 2: En mi corazón no hay sitio para el odio","13/11/17"
"Downton Abbey: Temporada 6: The Finale","12/11/17"
"Downton Abbey: Temporada 6: Episodio 8","12/11/17"
"Downton Abbey: Temporada 6: Episodio 7","11/11/17"
"Downton Abbey: Temporada 6: Episodio 6","10/11/17"
"Downton Abbey: Temporada 6: Episodio 5","10/11/17"
"Marvel's Agents of S.H.I.E.L.D.: Temporada 1: Piloto","9/11/17"
"Marvel's Agents of S.H.I.E.L.D.: Temporada 4: Fin del mundo","9/11/17"
"Marvel's Agents of S.H.I.E.L.D.: Temporada 4: El regreso","9/11/17"
"Marvel's Agents of S.H.I.E.L.D.: Temporada 4: ¡Adiós, mundo cruel!","9/11/17"
"Marvel's Agents of S.H.I.E.L.D.: Temporada 4: Todos los hombres de Madame","8/11/17"
"Marvel's Agents of S.H.I.E.L.D.: Temporada 4: Sin remordimientos","8/11/17"
"Marvel's Agents of S.H.I.E.L.D.: Temporada 4: Identidad y cambio","8/11/17"
"Marvel's Agents of S.H.I.E.L.D.: Temporada 4: ¿Y si...?","8/11/17"
"Marvel's Agents of S.H.I.E.L.D.: Temporada 4: Autocontrol","6/11/17"
"Downton Abbey: Temporada 6: Episodio 4","5/11/17"
"Downton Abbey: Temporada 6: Episodio 3","5/11/17"
"Más allá de Stranger Things: Más allá 2: Alucinante","5/11/17"
"Stranger Things: Stranger Things 2: Capítulo nueve: El portal","5/11/17"
"Stranger Things: Stranger Things 2: Capítulo ocho: El Azotamentes","5/11/17"
"Stranger Things: Stranger Things 2: Capítulo siete: La hermana perdida","5/11/17"
"Stranger Things: Stranger Things 2: Capítulo seis: El espía","3/11/17"
"Marvel's Agents of S.H.I.E.L.D.: Temporada 4: El hombre detrás del escudo","3/11/17"
"Marvel's Agents of S.H.I.E.L.D.: Temporada 4: ¡Bum!","3/11/17"
"Marvel's Agents of S.H.I.E.L.D.: Temporada 4: Sopa de patata caliente","3/11/17"
"Marvel's Agents of S.H.I.E.L.D.: Temporada 4: Despierta","3/11/17"
"Marvel's Agents of S.H.I.E.L.D.: Temporada 4: El patriota","3/11/17"
"El caballero oscuro: La leyenda renace","2/11/17"
"Black Mirror: Temporada 2: Ahora mismo vuelvo","2/11/17"
"Stranger Things: Stranger Things 2: Capítulo cinco: Dig Dug","1/11/17"
"Stranger Things: Stranger Things 2: Capítulo cuatro: Will el Sabio","1/11/17"
"Stranger Things: Stranger Things 2: Capítulo tres: El renacuajo","1/11/17"
"Stranger Things: Stranger Things 2: Capítulo dos: Truco o trato, bicho raro","31/10/17"
"Marvel's Agents of S.H.I.E.L.D.: Temporada 4: Promesas rotas","30/10/17"
"Stranger Things: Stranger Things 2: Capítulo uno: MADMAX","29/10/17"
"Downton Abbey: Temporada 6: Episodio 2","29/10/17"
"Marvel's Agents of S.H.I.E.L.D.: Temporada 4: Las leyes de la dinámica del infierno","26/10/17"
"Marvel's Agents of S.H.I.E.L.D.: Temporada 4: Pactos con nuestros diablos","26/10/17"
"Downton Abbey: Temporada 6: Episodio 1","25/10/17"
"Marvel's Agents of S.H.I.E.L.D.: Temporada 4: El buen samaritano","24/10/17"
"Marvel's Agents of S.H.I.E.L.D.: Temporada 4: Chirona","24/10/17"
"Marvel's Agents of S.H.I.E.L.D.: Temporada 4: Déjame arrimarme a tu fuego","24/10/17"
"Marvel's Agents of S.H.I.E.L.D.: Temporada 4: Sedición","23/10/17"
"Marvel's Agents of S.H.I.E.L.D.: Temporada 4: Conozcan al nuevo jefe","23/10/17"
"Downton Abbey: Temporada 5: A Moorland Holiday","22/10/17"
"Downton Abbey: Temporada 5: Episodio 8","22/10/17"
"Downton Abbey: Temporada 5: Episodio 7","22/10/17"
"Narcos: Temporada 3: De vuelta a Cali","18/10/17"
"Máquina de guerra","17/10/17"
"Narcos: Temporada 3: Todos los hombres del presidente","15/10/17"
"Narcos: Temporada 3: Convivir","15/10/17"
"Narcos: Temporada 3: Sin salida","15/10/17"
"Narcos: Temporada 3: No hay plan perfecto","14/10/17"
"Narcos: Temporada 3: MRO","14/10/17"
"El ladrón de palabras","14/10/17"
"Downton Abbey: Temporada 5: Episodio 6","13/10/17"
"Downton Abbey: Temporada 5: Episodio 5","13/10/17"
"Narcos: Temporada 3: Jaque mate","12/10/17"
"Narcos: Temporada 3: Sigue el rastro del dinero","12/10/17"
"Narcos: Temporada 3: El KGB de Cali","7/10/17"
"Narcos: Temporada 3: La estrategia del cabecilla","6/10/17"
"Marvel's Agents of S.H.I.E.L.D.: Temporada 4: El fantasma","6/10/17"
"Marvel's Agents of S.H.I.E.L.D.: Temporada 3: Ascensión","4/10/17"
"Marvel's Agents of S.H.I.E.L.D.: Temporada 3: Absolución","4/10/17"
"Marvel's Agents of S.H.I.E.L.D.: Temporada 3: Emancipación","4/10/17"
"Marvel's Agents of S.H.I.E.L.D.: Temporada 3: Experimentos fallidos","2/10/17"
"Marvel's Agents of S.H.I.E.L.D.: Temporada 3: Singularidad","2/10/17"
"Marvel's Agents of S.H.I.E.L.D.: Temporada 3: El equipo","2/10/17"
"Nieve Negra","1/10/17"
"Marvel's Agents of S.H.I.E.L.D.: Temporada 3: Paraíso perdido","26/9/17"
"Marvel's Agents of S.H.I.E.L.D.: Temporada 3: Espacio-tiempo","26/9/17"
"Marvel's Agents of S.H.I.E.L.D.: Temporada 3: Guardianes","26/9/17"
"Marvel's Agents of S.H.I.E.L.D.: Temporada 3: Trago de despedida","25/9/17"
"Marvel's Agents of S.H.I.E.L.D.: Temporada 3: El infiltrado","25/9/17"
"La chica danesa","23/9/17"
"Marvel's Agents of S.H.I.E.L.D.: Temporada 3: Recuperándose","19/9/17"
"Marvel's Agents of S.H.I.E.L.D.: Temporada 3: Maveth","19/9/17"
"Marvel's Agents of S.H.I.E.L.D.: Temporada 3: Cierre","18/9/17"
"American Beauty","3/9/17"
"Jago: A Life Underwater","22/8/17"
"Marvel's Agents of S.H.I.E.L.D.: Temporada 3: Muchas cabezas, una historia","22/8/17"
"Marvel's Agents of S.H.I.E.L.D.: Temporada 3: La teoría del caos","22/8/17"
"Marvel's Agents of S.H.I.E.L.D.: Temporada 3: Oculto entre nosotros","12/8/17"
"Marvel's Agents of S.H.I.E.L.D.: Temporada 3: 4.722 horas","12/8/17"
"Sense8: Temporada 2: Aislados por encima, pero conectados por debajo","5/8/17"
"Downton Abbey: Temporada 5: Episodio 4","26/7/17"
"Downton Abbey: Temporada 5: Episodio 3","26/7/17"
"Downton Abbey: Temporada 5: Episodio 2","26/7/17"
"Downton Abbey: Temporada 4: Episodio 6","26/7/17"
"Sense8: Temporada 2: Con miedo nunca se arregla nada","25/7/17"
"Ip Man 3","16/7/17"
"The Walking Dead: Temporada 1: Los días transcurridos","16/7/17"
"Sense8: Temporada 2: Polifonía","1/7/17"
"Sense8: Temporada 2: Mutualismos obligados","17/6/17"
"Marvel's Agents of S.H.I.E.L.D.: Temporada 3: Los demonios que conoces","15/6/17"
"Marvel's Agents of S.H.I.E.L.D.: Temporada 3: Un (in)humano buscado","15/6/17"
"Marvel's Agents of S.H.I.E.L.D.: Temporada 3: El propósito de la máquina","12/6/17"
"Marvel's Agents of S.H.I.E.L.D.: Temporada 3: Las leyes de la naturaleza","12/6/17"
"The Get Down: Parte 2: Solo desde el exilio podemos volver a casa","10/6/17"
"Marvel's Agents of S.H.I.E.L.D.: Temporada 2: S.O.S. Segunda parte","7/6/17"
"Marvel's Agents of S.H.I.E.L.D.: Temporada 2: S.O.S. Primera parte","7/6/17"
"Marvel's Agents of S.H.I.E.L.D.: Temporada 2: Cicatrices","6/6/17"
"Marvel's Agents of S.H.I.E.L.D.: Temporada 2: La media docena sucia","6/6/17"
"Sense8: Temporada 2: ¿Quién soy?","5/6/17"
"The Crown: Temporada 1: Scientia potentia est","3/6/17"
"Marvel's Agents of S.H.I.E.L.D.: Temporada 2: Amigo-enemigo de mi enemigo","31/5/17"
"Marvel's Agents of S.H.I.E.L.D.: Temporada 2: Melinda","31/5/17"
"Marvel's Agents of S.H.I.E.L.D.: Temporada 2: Más Allá","31/5/17"
"The Get Down: Parte 2: Juégatelo todo","28/5/17"
"The Get Down: Parte 2: Uno a uno, hacia la oscuridad","28/5/17"
"The Get Down: Parte 2: El ritmo dice que este es el camino","26/5/17"
"Marvel's Agents of S.H.I.E.L.D.: Temporada 2: Se cierra una puerta","10/5/17"
"Marvel's Agents of S.H.I.E.L.D.: Temporada 2: El amor en los tiempos de HYDRA","9/5/17"
"Marvel's Agents of S.H.I.E.L.D.: Temporada 2: Uno de los nuestros","9/5/17"
"Marvel's Agents of S.H.I.E.L.D.: Temporada 2: Quien eres de verdad","9/5/17"
"The Crown: Temporada 1: Noticia bomba","9/5/17"
"Marvel's Agents of S.H.I.E.L.D.: Temporada 2: Réplicas","8/5/17"
"The Crown: Temporada 1: Humo y espejos","8/5/17"
"Marvel's Agents of S.H.I.E.L.D.: Temporada 2: En lo que se convierten","6/5/17"
"Marvel's Agents of S.H.I.E.L.D.: Temporada 2: Los que aquí entráis","6/5/17"
"Marvel's Agents of S.H.I.E.L.D.: Temporada 2: Las cosas que enterramos","6/5/17"
"Marvel's Agents of S.H.I.E.L.D.: Temporada 2: Los signos en la pared","6/5/17"
"Marvel's Agents of S.H.I.E.L.D.: Temporada 2: Un hogar fracturado","6/5/17"
"Marvel's Agents of S.H.I.E.L.D.: Temporada 2: Una gallina en la lobera","6/5/17"
"Marvel's Agents of S.H.I.E.L.D.: Temporada 2: Enfréntate a mi enemigo","5/5/17"
"The Crown: Temporada 1: Fuerza mayor","28/4/17"
"The Crown: Temporada 1: Windsor","27/4/17"
"The Get Down: Parte 2: Descubre tu mito","22/4/17"
"Marvel's Agents of S.H.I.E.L.D.: Temporada 2: Haciendo amigos e influyendo en la gente","13/4/17"
"Marvel's Agents of S.H.I.E.L.D.: Temporada 2: Pesada es la cabeza","13/4/17"
"Marvel's Agents of S.H.I.E.L.D.: Temporada 2: Sombras","13/4/17"
"iBOY","12/4/17"
"Bates Motel: Temporada 1: Primero sueñas, Luego mueres","6/4/17"
"Bates Motel: Temporada 4: Norman","6/4/17"
"Bates Motel: Temporada 4: Para siempre","6/4/17"
"House of Cards: Temporada 4: Capítulo 52","6/4/17"
"House of Cards: Temporada 4: Capítulo 51","6/4/17"
"House of Cards: Temporada 4: Capítulo 50","6/4/17"
"Bates Motel: Temporada 4: Infiel","5/4/17"
"Bates Motel: Temporada 4: Como en casa en ninguna parte","5/4/17"
"House of Cards: Temporada 1: Capítulo 1","5/4/17"
"House of Cards: Temporada 4: Capítulo 49","5/4/17"
"Bates Motel: Temporada 4: La bóveda","4/4/17"
"House of Cards: Temporada 4: Capítulo 48","4/4/17"
"Bates Motel: Temporada 4: Refracción","3/4/17"
"Bates Motel: Temporada 4: Luces de invierno","2/4/17"
"Bates Motel: Temporada 4: Hasta que la muerte los separe","2/4/17"
"Bates Motel: Temporada 4: Buenas noches, madre","29/3/17"
"Marvel's Agents of S.H.I.E.L.D.: Temporada 1: El principio del fin","23/3/17"
"Marvel's Agents of S.H.I.E.L.D.: Temporada 1: Chusma","23/3/17"
"Marvel's Agents of S.H.I.E.L.D.: Temporada 1: Nada personal","23/3/17"
"Marvel's Agents of S.H.I.E.L.D.: Temporada 1: La única luz en la oscuridad","22/3/17"
"Marvel's Agents of S.H.I.E.L.D.: Temporada 1: Providencia","22/3/17"
"Marvel's Agents of S.H.I.E.L.D.: Temporada 1: Cambio, cambio, cambio","22/3/17"
"Bates Motel: Temporada 4: Un peligro para sí mismo y los demás","21/3/17"
"Marvel's Agents of S.H.I.E.L.D.: Temporada 1: Fin del comienzo","21/3/17"
"Bates Motel: Temporada 3: Inconsciente","20/3/17"
"Bates Motel: Temporada 3: Locura","20/3/17"
"Marvel's Agents of S.H.I.E.L.D.: Temporada 1: Hombres fáciles","20/3/17"
"Marvel's Agents of S.H.I.E.L.D.: Temporada 1: T.A.H.I.T.I.","20/3/17"
"Marvel's Agents of S.H.I.E.L.D.: Temporada 1: V.I.A.S.","20/3/17"
"Marvel's Agents of S.H.I.E.L.D.: Temporada 1: Semillas","20/3/17"
"Marvel's Agents of S.H.I.E.L.D.: Temporada 1: El lugar mágico","20/3/17"
"Bates Motel: Temporada 3: La fosa","19/3/17"
"Bates Motel: Temporada 3: La última cena","19/3/17"
"House of Cards: Temporada 4: Capítulo 47","17/3/17"
"House of Cards: Temporada 4: Capítulo 46","17/3/17"
"House of Cards: Temporada 4: Capítulo 45","16/3/17"
"Bates Motel: Temporada 3: Norma Louise","15/3/17"
"Bates Motel: Temporada 3: El trato","15/3/17"
"Sucesor designado: Temporada 1: Piloto","15/3/17"
"House of Cards: Temporada 4: Capítulo 44","15/3/17"
"Bates Motel: Temporada 3: Irrompible","14/3/17"
"Marvel's Agents of S.H.I.E.L.D.: Temporada 1: El puente","14/3/17"
"Marvel's Agents of S.H.I.E.L.D.: Temporada 1: Reparaciones","14/3/17"
"Marvel's Agents of S.H.I.E.L.D.: Temporada 1: El pozo","14/3/17"
"Marvel's Agents of S.H.I.E.L.D.: Temporada 1: El Hub","14/3/17"
"Marvel's Agents of S.H.I.E.L.D.: Temporada 1: Zumbidos","14/3/17"
"House of Cards: Temporada 4: Capítulo 43","13/3/17"
"House of Cards: Temporada 4: Capítulo 42","13/3/17"
"House of Cards: Temporada 4: Capítulo 41","13/3/17"
"Bates Motel: Temporada 3: Persuasión","12/3/17"
"Bates Motel: Temporada 3: El club arcano","11/3/17"
"House of Cards: Temporada 4: Capítulo 40","10/3/17"
"Bates Motel: Temporada 3: Una muerte en la familia","9/3/17"
"Bates Motel: Temporada 2: La verdad inmutable","6/3/17"
"Bates Motel: Temporada 2: La caja","6/3/17"
"House of Cards: Temporada 2: Capítulo 20","6/3/17"
"Bates Motel: Temporada 2: Derrumbe","5/3/17"
"Bates Motel: Temporada 2: Presunción de inocencia","5/3/17"
"Marvel's Agents of S.H.I.E.L.D.: Temporada 1: La chica del vestido de flores","3/3/17"
"Bates Motel: Temporada 2: Zambullirse","2/3/17"
"Marco Polo: One Hundred Eyes","2/3/17"
"Santa Clarita Diet: Temporada 1: Un murciélago o un mono","2/3/17"
"Bates Motel: Temporada 2: El artista del escape","1/3/17"
"Bates Motel: Temporada 2: Check-Out","28/2/17"
"Bates Motel: Temporada 2: Caleb","28/2/17"
"Bates Motel: Temporada 2: Sombra de duda","28/2/17"
"Bates Motel: Temporada 2: Te has ido, pero no te olvidamos","27/2/17"
"Marvel's Agents of S.H.I.E.L.D.: Temporada 1: Ojo espía","26/2/17"
"Bates Motel: Temporada 1: Medianoche","25/2/17"
"Una serie de catastróficas desdichas: Temporada 1: El aserradero lúgubre: 2.ª parte","25/2/17"
"Una serie de catastróficas desdichas: Temporada 1: El aserradero lúgubre: 1.ª parte","25/2/17"
"Una serie de catastróficas desdichas: Temporada 1: El ventanal: 2.ª parte","25/2/17"
"Una serie de catastróficas desdichas: Temporada 1: El ventanal: 1.ª parte","25/2/17"
"Marco Polo: Temporada 2: La comunidad","25/2/17"
"Marco Polo: Temporada 2: Herederos","24/2/17"
"Marco Polo: Temporada 2: Caballo blanco","24/2/17"
"Marco Polo: Temporada 2: La grulla perdida","24/2/17"
"Bates Motel: Temporada 1: Devaluado","23/2/17"
"Bates Motel: Temporada 1: Un chico y su perro","22/2/17"
"Bates Motel: Temporada 1: El hombre de la habitación número 9","22/2/17"
"Bates Motel: Temporada 1: La verdad","21/2/17"
"Bates Motel: Temporada 1: Vistas al mar","19/2/17"
"Bates Motel: Temporada 1: Confía en mí…","19/2/17"
"Bates Motel: Temporada 1: ¿Qué le pasa a Norman?","16/2/17"
"Marco Polo: Temporada 2: La palabra de la serpiente","16/2/17"
"Marco Polo: Temporada 2: Nana","16/2/17"
"Bates Motel: Temporada 1: Has elegido un pueblecito encantador, Norma…","15/2/17"
"Marco Polo: Temporada 2: Que comience la obra de Dios","14/2/17"
"Marco Polo: Temporada 2: Medirse con el campeón","13/2/17"
"Marco Polo: Temporada 2: Abrazo","12/2/17"
"Marco Polo: Temporada 2: El cazador y la costurera de pieles","12/2/17"
"Una serie de catastróficas desdichas: Temporada 1: La habitación de los reptiles: 2.ª parte","11/2/17"
"Una serie de catastróficas desdichas: Temporada 1: La habitación de los reptiles: 1.ª parte","11/2/17"
"Una serie de catastróficas desdichas: Temporada 1: Un mal principio: 2.ª parte","10/2/17"
"Una serie de catastróficas desdichas: Temporada 1: Un mal principio: 1.ª parte","10/2/17"
"Marco Polo: Temporada 1: Lo celestial y lo terrenal","10/2/17"
"Marco Polo: Temporada 1: Los prisioneros","9/2/17"
"Marco Polo: Temporada 1: La representación","7/2/17"
"Marco Polo: Temporada 1: La pluma del erudito","7/2/17"
"The OA: Parte I: Capítulo 8: Mi yo invisible","6/2/17"
"The OA: Parte I: Capítulo 7: El imperio de las luces","6/2/17"
"Marco Polo: Temporada 1: La Luna Blanca","6/2/17"
"The OA: Parte I: Capítulo 6: Senderos que se bifurcan","6/2/17"
"The OA: Parte I: Capítulo 5: Paraíso","5/2/17"
"Beasts of No Nation","4/2/17"
"Ida","4/2/17"
"The OA: Parte I: Capítulo 4: Ola","2/2/17"
"The OA: Parte I: Capítulo 3: Campeón","31/1/17"
"The OA: Parte I: Capítulo 2: New Colossus","31/1/17"
"Marco Polo: Temporada 1: Los Hashshashin","30/1/17"
"Marco Polo: Temporada 1: El cuarto paso","30/1/17"
"The OA: Parte I: Capítulo 1: Vuelta a casa","29/1/17"
"Marvel's Agents of S.H.I.E.L.D.: Temporada 1: El activo","28/1/17"
"Marvel's Agents of S.H.I.E.L.D.: Temporada 1: 0-8-4","28/1/17"
"Marvel - Luke Cage: Temporada 1: You Know My Steez","28/1/17"
"Marvel - Luke Cage: Temporada 1: Soliloquy of Chaos","28/1/17"
"Marvel - Luke Cage: Temporada 1: Now You're Mine","28/1/17"
"Marvel - Luke Cage: Temporada 1: Take It Personal","28/1/17"
"Marvel - Luke Cage: Temporada 1: DWYCK","28/1/17"
"Marvel - Luke Cage: Temporada 1: Blowin' Up the Spot","28/1/17"
"Marvel - Luke Cage: Temporada 1: Manifest","28/1/17"
"Marvel - Luke Cage: Temporada 1: Suckas Need Bodyguards","28/1/17"
"Marvel - Luke Cage: Temporada 1: Just to Get a Rep","27/1/17"
"Marvel - Luke Cage: Temporada 1: Step in the Arena","27/1/17"
"Marvel - Luke Cage: Temporada 1: Who's Gonna Take the Weight?","27/1/17"
"Gad Elmaleh Part en Live","27/1/17"
"Marco Polo: Temporada 1: La fiesta","19/1/17"
"Marco Polo: Temporada 1: El lobo y el ciervo","16/1/17"
"Black Mirror: Temporada 3: Odio nacional","15/1/17"
"¡Bienvenido, Sr. Presidente!","14/1/17"
"Black Mirror: Temporada 3: La ciencia de matar","14/1/17"
"Black Mirror: Temporada 3: San Junípero","13/1/17"
"Black Mirror: Temporada 3: Cállate y baila","12/1/17"
"Marco Polo: Temporada 1: El viajero","9/1/17"
"Black Mirror: Temporada 2: Blanca Navidad","8/1/17"
"The Expanse: Temporada 1: El despertar del Leviatán","8/1/17"
"The Expanse: Temporada 1: Masa crítica","8/1/17"
"The Expanse: Temporada 1: Rescate","8/1/17"
"ARQ","8/1/17"
"Fittest on Earth: The Story of the 2015 Reebok CrossFit Games","8/1/17"
"Memorias de un asesino internacional","7/1/17"
"Black Mirror: Temporada 2: El momento Waldo","6/1/17"
"Black Mirror: Temporada 2: Oso blanco","4/1/17"
"The Expanse: Temporada 1: Molinos","4/1/17"
"The Expanse: Temporada 1: En las profundidades","4/1/17"
"The Expanse: Temporada 1: De vuelta al Carnicero","3/1/17"
"The Expanse: Temporada 1: CQB","3/1/17"
"The Expanse: Temporada 1: Recordad el Cant","3/1/17"
"The Expanse: Temporada 1: El gran vacío","3/1/17"
"Sense8: Temporada 2: Feliz puto Año Nuevo","2/1/17"
"The Expanse: Temporada 1: Dulcinea","2/1/17"
"Babadook","2/1/17"
"Transcendence","1/1/17"
"Black Mirror: Temporada 1: 15 millones de méritos","22/12/16"
"La casa al final de la calle","20/12/16"
"Marvel - Luke Cage: Temporada 1: Code of the Streets","15/12/16"
"Marvel - Luke Cage: Temporada 1: Moment of Truth","14/12/16"
"El príncipe de Bel-Air: Temporada 1: La clase de Jazz","14/12/16"
"El príncipe de Bel-Air: Temporada 1: Alerta, el príncipe llegó","14/12/16"
"Perdidos: Temporada 1: Marginados","14/12/16"
"El libro de Eli","10/12/16"
"American Horror Story: La parada de los monstruos: Última llamada a escena","28/11/16"
"American Horror Story: La parada de los monstruos: Una actuación brillante","27/11/16"
"American Horror Story: La parada de los monstruos: Pensamientos mágicos","27/11/16"
"American Horror Story: La parada de los monstruos: Huérfanos","27/11/16"
"American Horror Story: La parada de los monstruos: Masacre en la fiesta del táper","17/11/16"
"American Horror Story: La parada de los monstruos: Baño de sangre","17/11/16"
"American Horror Story: La parada de los monstruos: Prueba de fuerza","15/11/16"
"American Horror Story: La parada de los monstruos: Diana","15/11/16"
"American Horror Story: La parada de los monstruos: Magdalenas rosas","15/11/16"
"Homeland: Temporada 5: Nuestro hombre en Damasco","7/11/16"
"American Horror Story: La parada de los monstruos: Edward Mordrake: 2.ª parte","7/11/16"
"Homeland: Temporada 5: Nueva normalidad","7/11/16"
"Homeland: Temporada 5: El truco Litvinov","6/11/16"
"Homeland: Temporada 5: Todo sobre Allison","6/11/16"
"Homeland: Temporada 5: Oropéndola","3/11/16"
"American Horror Story: La parada de los monstruos: Edward Mordrake: 1.ª parte","3/11/16"
"Homeland: Temporada 5: Parabiosis","2/11/16"
"Homeland: Temporada 5: Mejor llama a Saúl","2/11/16"
"Homeland: Temporada 5: ¿Por qué esta noche es diferente?","1/11/16"
"Homeland: Temporada 5: Superpoderes","1/11/16"
"Homeland: Temporada 5: La tradición de la hospitalidad","1/11/16"
"Homeland: Temporada 5: (Trastorno de) Ansiedad por separación","1/11/16"
"Homeland: Temporada 4: Se veía venir hace tiempo","30/10/16"
"Perdidos: Temporada 1: Bienvenida","18/10/16"
"Perdidos: Temporada 1: Especial","18/10/16"
"Perdidos: Temporada 1: Corazón y mente","18/10/16"
"El gran Lebowski","14/10/16"
"The Siege of Jadotville - Motion Video - 3 loop","13/10/16"
"Perdidos: Temporada 1: En cualquier caso","13/10/16"
"Perdidos: Temporada 1: Incluso los mejores tienen conflictos generacionales","12/10/16"
"Perdidos: Temporada 1: Criado por otro","12/10/16"
"Perdidos: Temporada 1: Soledad","12/10/16"
"Perdidos: Temporada 1: El timador","12/10/16"
"Perdidos: Temporada 1: La polilla","12/10/16"
"Perdidos: Temporada 1: La casa del sol naciente","12/10/16"
"Perdidos: Temporada 1: El conejo blanco","12/10/16"
"Perdidos: Temporada 1: Expedición","12/10/16"
"Perdidos: Temporada 1: Tabla rasa","12/10/16"
"Perdidos: Temporada 1: Piloto, parte 2","12/10/16"
"Perdidos: Temporada 1: Piloto, parte 1","12/10/16"
"American Horror Story: La parada de los monstruos: Masacres y matinés","10/10/16"
"Pulp Fiction","10/10/16"
"El caballero oscuro","9/10/16"
"El médico","9/10/16"
"American Horror Story: La parada de los monstruos: Los monstruos entre nosotros","7/10/16"
"American Horror Story: Aquelarre: Las siete maravillas","4/10/16"
"American Horror Story: Aquelarre: Al infierno","4/10/16"
"American Horror Story: Aquelarre: Los mágicos encantos de Stevie Nicks","4/10/16"
"American Horror Story: Aquelarre: Proteger el aquelarre","3/10/16"
"The Get Down: Parte 1: Levanta tus palabras, no la voz","28/9/16"
"House of Cards: Temporada 2: Capítulo 19","28/9/16"
"House of Cards: Temporada 2: Capítulo 18","28/9/16"
"House of Cards: Temporada 2: Capítulo 21","28/9/16"
"House of Cards: Temporada 2: Capítulo 23","28/9/16"
"House of Cards: Temporada 2: Capítulo 24","28/9/16"
"The Get Down: Parte 1: Tienes alas, aprende a volar","27/9/16"
"The Get Down: Parte 1: Olvida la seguridad, sé infame","24/9/16"
"American Horror Story: Aquelarre: Cabeza","19/9/16"
"American Horror Story: Aquelarre: El relevo sagrado","19/9/16"
"American Horror Story: Aquelarre: Los muertos","19/9/16"
"Michael Clayton","18/9/16"
"Sense8: Temporada 1: No puedo dejarla","17/9/16"
"Sense8: Temporada 1: Gira el volante y el futuro cambia","17/9/16"
"Sense8: Temporada 1: ¿Qué es ser humano?","17/9/16"
"Narcos: Temporada 2: ¡Al fin cayó!","15/9/16"
"Narcos: Temporada 2: Nuestra finca","14/9/16"
"Hijos de la anarquía: Temporada 1: Piloto","14/9/16"
"Narcos: Temporada 2: El Patrón se queda solo","13/9/16"
"American Horror Story: Aquelarre: Llega el hombre del hacha","13/9/16"
"American Horror Story: Aquelarre: ¡Arde, bruja, arde!","13/9/16"
"Narcos: Temporada 2: Deutschland 93","12/9/16"
"Narcos: Temporada 2: Los Pepes","12/9/16"
"Orange Is the New Black: Temporada 1: No estaba preparada","12/9/16"
"House of Cards: Temporada 2: Capítulo 17","12/9/16"
"American Horror Story: Aquelarre: Habrá juegos siniestros","12/9/16"
"American Horror Story: Aquelarre: Reemplazos","12/9/16"
"American Horror Story: Aquelarre: Partes","12/9/16"
"Narcos: Temporada 2: Los enemigos de mi enemigo","11/9/16"
"House of Cards: Temporada 2: Capítulo 16","11/9/16"
"Narcos: Temporada 2: El bueno, el malo y el muerto","11/9/16"
"Narcos: Temporada 2: Nuestro hombre en Madrid","10/9/16"
"Narcos: Temporada 2: Cambalache","10/9/16"
"Narcos: Temporada 2: Por fin libre","10/9/16"
"Narcos: Temporada 1: Descenso","10/9/16"
"Sense8: Temporada 1: La muerte no te deja despedirte","31/8/16"
"Sense8: Temporada 1: Seremos juzgados por el valor de nuestro corazón","31/8/16"
"Sense8: Temporada 1: ¿Qué haría Nancy Drew?","30/8/16"
"Sense8: Temporada 1: Demonios","29/8/16"
"Sense8: Temporada 1: El arte es como la religión","29/8/16"
"Sense8: Temporada 1: What’s Going On?","29/8/16"
"Sense8: Temporada 1: Apuestas a favor de la flacucha","29/8/16"
"Touch: Temporada 1: La leyenda del hilo rojo","29/8/16"
"Walt Before Mickey","28/8/16"
"Stranger Things: Capítulo ocho: Del revés","28/8/16"
"Stranger Things: Capítulo siete: La bañera","28/8/16"
"Stranger Things: Capítulo seis: El monstruo","28/8/16"
"Stranger Things: Capítulo cinco: La pulga y el acróbata","25/8/16"
"House of Cards: Temporada 2: Capítulo 15","25/8/16"
"House of Cards: Temporada 2: Capítulo 14","25/8/16"
"Stranger Things: Capítulo cuatro: El cadáver","24/8/16"
"Stranger Things: Capítulo tres: Luces navideñas","24/8/16"
"Stranger Things: Capítulo dos: La chica rara de la calle Maple","22/8/16"
"House of Cards: Temporada 1: Capítulo 13","19/8/16"
"House of Cards: Temporada 1: Capítulo 12","19/8/16"
"House of Cards: Temporada 3: Capítulo 39","16/8/16"
"House of Cards: Temporada 3: Capítulo 38","16/8/16"
"House of Cards: Temporada 3: Capítulo 37","16/8/16"
"House of Cards: Temporada 3: Capítulo 36","11/8/16"
"House of Cards: Temporada 3: Capítulo 35","11/8/16"
"House of Cards: Temporada 1: Capítulo 11","10/8/16"
"House of Cards: Temporada 3: Capítulo 34","10/8/16"
"House of Cards: Temporada 3: Capítulo 33","10/8/16"
"House of Cards: Temporada 1: Capítulo 10","3/8/16"
"Sense8: Temporada 1: Soy también un nosotros","31/7/16"
"Sense8: Temporada 1: Resonancia límbica","30/7/16"
"House of Cards: Temporada 1: Capítulo 9","21/7/16"
"House of Cards: Temporada 1: Capítulo 8","20/7/16"
"House of Cards: Temporada 1: Capítulo 7","20/7/16"
"House of Cards: Temporada 1: Capítulo 6","20/7/16"
"House of Cards: Temporada 1: Capítulo 5","19/7/16"
"House of Cards: Temporada 1: Capítulo 4","19/7/16"
"House of Cards: Temporada 1: Capítulo 3","19/7/16"
"House of Cards: Temporada 1: Capítulo 2","18/7/16"
"House of Cards: Temporada 3: Capítulo 32","15/7/16"
"House of Cards: Temporada 3: Capítulo 31","15/7/16"
"House of Cards: Temporada 3: Capítulo 30","12/7/16"
"Edge of Tomorrow","9/7/16"
"The Last Kingdom: Temporada 1: Episodio 8","9/7/16"
"The Last Kingdom: Temporada 1: Episodio 7","9/7/16"
"The Last Kingdom: Temporada 1: Episodio 6","9/7/16"
"The Last Kingdom: Temporada 1: Episodio 5","9/7/16"
"The Last Kingdom: Temporada 1: Episodio 4","9/7/16"
"The Last Kingdom: Temporada 1: Episodio 3","9/7/16"
"The Last Kingdom: Temporada 1: Episodio 2","9/7/16"
"The Propaganda Game","9/7/16"
"American Horror Story: Aquelarre: Brujas","7/7/16"
"House of Cards: Temporada 3: Capítulo 29","7/7/16"
"House of Cards: Temporada 3: Capítulo 28","5/7/16"
"House of Cards: Temporada 3: Capítulo 27","5/7/16"
"London Spy: Episodio 5","4/7/16"
"London Spy: Episodio 4","4/7/16"
"House of Cards: Temporada 2: Capítulo 26","23/6/16"
"House of Cards: Temporada 2: Capítulo 25","23/6/16"
"London Spy: Episodio 3","19/6/16"
"Hijos de la anarquía: Temporada 7: Mangas verdes","19/6/16"
"House of Cards: Temporada 2: Capítulo 22","15/6/16"
"London Spy: Episodio 2","6/6/16"
"Print the Legend","2/6/16"
"Marvel - Daredevil: Temporada 1: En el ring","2/6/16"
"La verdadera Miyagi","1/6/16"
"Ha vuelto","1/6/16"
"London Spy: Episodio 1","25/5/16"
"Marseille: Temporada 1: La lucha final","16/5/16"
"Marseille: Temporada 1: Ha votado","12/5/16"
"Marseille: Temporada 1: Libertad, igualdad, sin piedad","12/5/16"
"Marseille: Temporada 1: Cara a cara","12/5/16"
"Marseille: Temporada 1: Propaganda","10/5/16"
"Marseille: Temporada 1: Cocodrilo","10/5/16"
"Marseille: Temporada 1: Hombre de paja","9/5/16"
"Marseille: Temporada 1: 20 años","9/5/16"
"Los amantes pasajeros","3/5/16"
"Ahora o nunca","22/4/16"
"Marvel - Daredevil: Temporada 2: Un día frío en Cocina del Infierno","21/4/16"
"Marvel - Daredevil: Temporada 2: La oscuridad al final del túnel","21/4/16"
"Iverson","20/4/16"
"Marvel - Daredevil: Temporada 2: 9 mm","19/4/16"
"Marvel - Daredevil: Temporada 2: El hombre en la caja","19/4/16"
"Marvel - Daredevil: Temporada 2: Siete minutos en el paraíso","18/4/16"
"Marvel - Daredevil: Temporada 2: Culpable","17/4/16"
"Marvel - Daredevil: Temporada 2: Semper Fidelis","17/4/16"
"The Ranch: Parte 1: Back where I come from","17/4/16"
"Marvel - Daredevil: Temporada 2: Solo remordimientos","17/4/16"
"Marvel - Daredevil: Temporada 2: Kinbaku","14/4/16"
"Marvel - Daredevil: Temporada 2: Centavo y de a diez","14/4/16"
"Daredevil","11/4/16"
"Marvel - Daredevil: Temporada 2: El orgullo de Nueva York","10/4/16"
"Marvel - Daredevil: Temporada 2: Perros en la pelea","10/4/16"
"Marvel - Daredevil: Temporada 2: Bang","10/4/16"
"Marvel - Daredevil: Temporada 1: Daredevil","10/4/16"
"Awake: The Life of Yogananda","8/4/16"
"La playa","8/4/16"
"Marvel - Daredevil: Temporada 1: Lo que dejamos atrás","7/4/16"
"Marvel - Daredevil: Temporada 1: La senda de los justos","7/4/16"
"Marvel - Daredevil: Temporada 1: Nelson contra Murdock","4/4/16"
"Marvel - Daredevil: Temporada 1: Hablando del demonio","4/4/16"
"Marvel - Daredevil: Temporada 1: Sombras en el espejo","1/4/16"
"Marvel - Daredevil: Temporada 1: Stick","31/3/16"
"The Last Kingdom: Temporada 1: Episodio 1","30/3/16"
"Pablo Escobar, el patrón del mal: Temporada 1: Episodio 1","30/3/16"
"Marvel - Daredevil: Temporada 1: Condenado","29/3/16"
"El Hombre de Acero","29/3/16"
"Marvel - Daredevil: Temporada 1: Un mundo en llamas","29/3/16"
"Marvel - Daredevil: Temporada 1: En la sangre","28/3/16"
"Da Vinci's Demons: Temporada 1: El ahorcado","28/3/16"
"El padrino: Parte III","27/3/16"
"El padrino: Parte II","26/3/16"
"El padrino","25/3/16"
"Marvel - Daredevil: Temporada 1: Un conejo en una tormenta de nieve","24/3/16"
"Marvel - Daredevil: Temporada 1: Enmascarado y ensangrentado","24/3/16"
"Carlos, Rey Emperador: Temporada 1: Episodio 1","21/3/16"
"Chef's Table: Volumen 1: Massimo Bottura","21/3/16"
"Matar al irlandés","20/3/16"
"Narcos: Temporada 1: Despegue","10/3/16"
"Narcos: Temporada 1: La catedral","8/3/16"
"Narcos: Temporada 1: La gran mentira","8/3/16"
"Orphan Black: Temporada 1: Instinto","7/3/16"
"Orphan Black: Temporada 1: Selección natural","7/3/16"
"Making a Murderer: Parte 1: Dieciocho años perdidos","7/3/16"
"Infiltrados","6/3/16"
"Marvel - Jessica Jones: Temporada 1: Alias - Sonríe","6/3/16"
"Marvel - Jessica Jones: Temporada 1: Alias - Ve cogiendo número","6/3/16"
"Marvel - Jessica Jones: Temporada 1: Alias - Te morirás sin las azules","6/3/16"
"Narcos: Temporada 1: Llorarás lágrimas de sangre","5/3/16"
"Narcos: Temporada 1: Explosivos","4/3/16"
"Marvel - Jessica Jones: Temporada 1: Alias - Mil cortes","2/3/16"
"Marvel - Jessica Jones: Temporada 1: Alias - La zona de castigo","1/3/16"
"Marvel - Jessica Jones: Temporada 1: Alias - ¿Qué haría Jessica?","1/3/16"
"Marvel - Jessica Jones: Temporada 1: Alias - Los peores pervertidos","1/3/16"
"Marvel - Jessica Jones: Temporada 1: Alias - ¡Has ganado!","28/2/16"
"Marvel - Jessica Jones: Temporada 1: Alias - El bocadillo me ha salvado","27/2/16"
"Marvel - Jessica Jones: Temporada 1: Alias - 99 amigos","27/2/16"
"Marvel - Jessica Jones: Temporada 1: Alias - El whisky ayuda","26/2/16"
"Marvel - Jessica Jones: Temporada 1: Alias - Síndrome de aplastamiento","26/2/16"
"Marvel - Jessica Jones: Temporada 1: Alias - Noche de chicas","25/2/16"
"Narcos: Temporada 1: Habrá un futuro","24/2/16"
"Narcos: Temporada 1: El palacio en llamas","17/2/16"
"Hijos de la anarquía: Temporada 6: Trabajo de madre","8/2/16"
"Narcos: Temporada 1: Los hombres de siempre","8/2/16"
"Hijos de la anarquía: Temporada 6: Eres mi sol","7/2/16"
"Narcos: Temporada 1: La espada de Simón Bolívar","5/2/16"
"Hijos de la anarquía: Temporada 6: Aon Rud Pearsanta","4/2/16"
"Hijos de la anarquía: Temporada 6: Huang Wu","4/2/16"
"Hijos de la anarquía: Temporada 6: Juan 8:32","2/2/16"
"Hijos de la anarquía: Temporada 6: Los fantasmas","1/2/16"
"Hijos de la anarquía: Temporada 6: Dulce y retorcida","1/2/16"
"Hijos de la anarquía: Temporada 6: Salvando los muebles","31/1/16"
"Hijos de la anarquía: Temporada 6: El rey loco","31/1/16"
"Hijos de la anarquía: Temporada 6: El ángel de los lobos","31/1/16"
"Hijos de la anarquía: Temporada 6: Penitencia","31/1/16"
"Hijos de la anarquía: Temporada 6: Uno uno seis","31/1/16"
"Hijos de la anarquía: Temporada 5: Esto es lo que he logrado","31/1/16"
"Hijos de la anarquía: Temporada 6: Paja","30/1/16"
"Hijos de la anarquía: Temporada 5: Darthy","28/1/16"
"Cómo acabar con tu jefe","27/1/16"
"Hijos de la anarquía: Temporada 5: Para uno mismo","26/1/16"
"Hijos de la anarquía: Temporada 5: Crucificado","25/1/16"
"Inocencia interrumpida","24/1/16"
"Hijos de la anarquía: Temporada 5: Venganza a la italiana","22/1/16"
"Hoop Dreams","20/1/16"
"Further","20/1/16"
"Hijos de la anarquía: Temporada 5: Ablación","19/1/16"
"Hijos de la anarquía: Temporada 5: Peligro al volante","18/1/16"
"Hijos de la anarquía: Temporada 5: ¡Qué pequeño es el mundo!","17/1/16"
"Hijos de la anarquía: Temporada 5: Pescando ballenas","17/1/16"
"Hijos de la anarquía: Temporada 5: Cosas robadas","16/1/16"
"Hijos de la anarquía: Temporada 5: Uno debe morir","16/1/16"
"Hijos de la anarquía: Temporada 1: Y llegó el infierno","15/1/16"
"Hijos de la anarquía: Temporada 1: Atracción","15/1/16"
"Hijos de la anarquía: Temporada 1: Huesos del pasado","15/1/16"
"Hijos de la anarquía: Temporada 1: Armas mortales","15/1/16"
"Hijos de la anarquía: Temporada 5: Autoridad conferida","15/1/16"
"Dawg Fight","13/1/16"
"Hijos de la anarquía: Temporada 5: Soberano","12/1/16"
"Hijos de la anarquía: Temporada 1: La venganza","11/1/16"
"Hijos de la anarquía: Temporada 1: La absorción","11/1/16"
"Hijos de la anarquía: Temporada 1: La feria","10/1/16"
"Hijos de la anarquía: Temporada 1: Semillas","10/1/16"
"Hijos de la anarquía: Temporada 4: Ser, 2ª parte","10/1/16"
"Hijos de la anarquía: Temporada 4: Ser, 1ª parte","10/1/16"
"Hijos de la anarquía: Temporada 4: Quemado y purgado","10/1/16"
"Hijos de la anarquía: Temporada 4: La llamada del deber","9/1/16"
"Hijos de la anarquía: Temporada 4: Manos","8/1/16"
"Hijos de la anarquía: Temporada 4: El beso","8/1/16"
"Hijos de la anarquía: Temporada 4: Receta familiar","8/1/16"
"John Wick","29/12/15"
"Jobs","23/12/15"
"Matar a un ruiseñor","23/12/15"
"Hijos de la anarquía: Temporada 4: Fruta para los cuervos","22/12/15"
"Hijos de la anarquía: Temporada 4: Con x","22/12/15"
"Hijos de la anarquía: Temporada 4: Paquete","22/12/15"
"Hijos de la anarquía: Temporada 4: La venta","18/12/15"
"Hijos de la anarquía: Temporada 4: Hormigas","18/12/15"
"Hijos de la anarquía: Temporada 4: Disparados","16/12/15"
"Hijos de la anarquía: Temporada 4: Fuera","16/12/15"
"Stockholm","15/12/15"
"Hijos de la anarquía: Temporada 3: NS","15/12/15"
"Hijos de la anarquía: Temporada 3: La boda de June","15/12/15"
"Hijos de la anarquía: Temporada 3: La entrega","14/12/15"
"Hijos de la anarquía: Temporada 3: En verdad","14/12/15"
"Hijos de la anarquía: Temporada 3: Excursión","14/12/15"
"Hijos de la anarquía: Temporada 3: El lodo del lago","14/12/15"
"Hijos de la anarquía: Temporada 3: El círculo se amplía","14/12/15"
"El mayordomo","13/12/15"
"El Topo","13/12/15"
"Mátalos Suavemente","12/12/15"
"Carmina o revienta","11/12/15"
"Hijos de la anarquía: Temporada 3: El empujón","9/12/15"
"Hijos de la anarquía: Temporada 3: Vueltas y vueltas","9/12/15"
"Hijos de la anarquía: Temporada 3: Vuelta a casa","9/12/15"
"Hijos de la anarquía: Temporada 3: La cuidadora","8/12/15"
"Hijos de la anarquía: Temporada 3: Engrasado","8/12/15"
"American Horror Story: Psiquiátrico: El fin de la locura","6/12/15"
"American Horror Story: Psiquiátrico: Continuum","6/12/15"
"American Horror Story: Psiquiátrico: Leche derramada","5/12/15"
"American Horror Story: Psiquiátrico: El juego de los nombres","4/12/15"
"American Horror Story: Psiquiátrico: La percha","4/12/15"
"American Horror Story: Psiquiátrico: Noche sin paz","3/12/15"
"American Horror Story: Psiquiátrico: La prima oscura","3/12/15"
"Hijos de la anarquía: Temporada 3: Entonces","2/12/15"
"Hijos de la anarquía: Temporada 2: Na Triobloidi","2/12/15"
"Hijos de la anarquía: Temporada 2: La criba","2/12/15"
"Hijos de la anarquía: Temporada 2: A su servicio","2/12/15"
"Hijos de la anarquía: Temporada 2: Bálsamo","2/12/15"
"American Horror Story: Psiquiátrico: Los orígenes de la monstruosidad","1/12/15"
"Fracture","30/11/15"
"American Horror Story: Psiquiátrico: Yo soy Ana Frank, 2ª parte","30/11/15"
"Hijos de la anarquía: Temporada 2: Negocios legales","29/11/15"
"Ciudad de Dios","29/11/15"
"American Horror Story: Psiquiátrico: Yo soy Ana Frank, 1ª parte","25/11/15"
"American Horror Story: Psiquiátrico: Tormenta del noreste","25/11/15"
"American Horror Story: Psiquiátrico: Trucos y tratos","20/11/15"
"American Horror Story: Psiquiátrico: Bienvenidos a Briarcliff","20/11/15"
"Hijos de la anarquía: Temporada 2: La cena","19/11/15"
"Hijos de la anarquía: Temporada 2: Gilead","19/11/15"
"Hijos de la anarquía: Temporada 2: El cerebro","19/11/15"
"Hijos de la anarquía: Temporada 2: Golpe mortal","18/11/15"
"Hijos de la anarquía: Temporada 2: Eureka","18/11/15"
"Hijos de la anarquía: Temporada 2: El apaño","17/11/15"
"Hijos de la anarquía: Temporada 2: Pequeños desgarros","16/11/15"
"Homeland: Temporada 3: La estrella","15/11/15"
"Homeland: Temporada 3: Gran hombre en Teherán","15/11/15"
"Homeland: Temporada 3: Buenas noches","15/11/15"
"Homeland: Temporada 3: Una última vez","15/11/15"
"Homeland: Temporada 3: Una carretilla roja","15/11/15"
"Hijos de la anarquía: Temporada 2: Poder blanco","14/11/15"
"American Horror Story: La casa del crimen: El renacer","13/11/15"
"American Horror Story: La casa del crimen: Nacimiento","13/11/15"
"American Horror Story: La casa del crimen: Niñas ardientes","13/11/15"
"American Horror Story: La casa del crimen: Niña aterradora","13/11/15"
"American Horror Story: La casa del crimen: El hombre de látex","13/11/15"
"Hijos de la anarquía: Temporada 1: El revelador","12/11/15"
"Hijos de la anarquía: Temporada 1: El sueño de los bebés","12/11/15"
"Hijos de la anarquía: Temporada 1: Capibara","12/11/15"
"American Horror Story: La casa del crimen: Jornada de puertas abiertas","12/11/15"
"Homeland: Temporada 3: Gerontion","11/11/15"
"Hijos de la anarquía: Temporada 1: El lado bueno","11/11/15"
"Homeland: Temporada 3: Sigue dando positivo","10/11/15"
"Homeland: Temporada 3: La práctica del yoga","10/11/15"
"Homeland: Temporada 3: Empieza el juego","8/11/15"
"Homeland: Temporada 3: La torre de David","7/11/15"
"American Horror Story: La casa del crimen: Cerdito, cerdito","6/11/15"
"American Horror Story: La casa del crimen: Halloween, 2ª parte","6/11/15"
"Homeland: Temporada 3: Huy... Oh... Eh...","5/11/15"
"La caza: Temporada 1: Episodio 1","5/11/15"
"Homeland: Temporada 3: El hombre de hojalata ha caído","5/11/15"
"American Horror Story: La casa del crimen: Halloween, 1ª parte","3/11/15"
"American Horror Story: La casa del crimen: La casa del crimen","3/11/15"
"Homeland: Temporada 2: La elección","3/11/15"
"Homeland: Temporada 2: In Memoriam","2/11/15"
"Homeland: Temporada 2: Corazones rotos","2/11/15"
"Homeland: Temporada 2: Dos roles","2/11/15"
"Homeland: Temporada 2: Una dirección en Gettysburg","31/10/15"
"Homeland: Temporada 2: Preguntas y respuestas","31/10/15"
"Homeland: Temporada 2: Olor a coche nuevo","31/10/15"
"Homeland: Temporada 2: Estado de independencia","30/10/15"
"Homeland: Temporada 2: Beirut ha vuelto","30/10/15"
"Homeland: Temporada 2: La sonrisa","29/10/15"
"Homeland: Temporada 1: Marine uno","27/10/15"
"Homeland: Temporada 1: El chaleco","26/10/15"
"Homeland: Temporada 1: El diputado Brody","26/10/15"
"Homeland: Temporada 1: Fuego cruzado","26/10/15"
"American Horror Story: La casa del crimen: Allanamiento","26/10/15"
"American Horror Story: La casa del crimen: Piloto","26/10/15"
"Homeland: Temporada 1: El talón de Aquiles","25/10/15"
"Homeland: Temporada 1: El fin de semana","25/10/15"
"Homeland: Temporada 1: El buen soldado","25/10/15"
"Homeland: Temporada 1: Ángulo muerto","25/10/15"
"Requiem por un sueño","25/10/15"
"Homeland: Temporada 1: Semper yo","24/10/15"
"Homeland: Temporada 1: Sin antecedentes","24/10/15"
"Homeland: Temporada 1: Carrie","24/10/15"
"Homeland: Temporada 1: Piloto","24/10/15"
